file,algo,level,target,n,seed_idx,num_qubits,depth,size,num_2q_gates,program_communication,critical_depth,entanglement_ratio,parallelism,liveness,fiedler_topology,spectral_entropy_topology,laplacian_max_eig_topology,spectral_gap_ratio_topology,effective_resistance,log_spanning_trees,laplacian_energy,von_neumann_entropy,fiedler_2q_weighted,spectral_entropy_2q_weighted,gini_2q_multiplicity,edge_weight_mean_2q,edge_weight_max_2q,log_estrada_index,graph_density,graph_diameter,avg_clustering,n_components,max_degree,degree_variance,assortativity,num_triangles,twoq_temporal_locality,gate_entropy,num_unique_gates,depth_per_qubit,fiedler_at_half_depth,time_to_connected,has_2q_interactions
bv_indep_none_10_s0.qasm,bv,indep,none,10,0,10.0,7.0,13.0,4.0,0.08888888888888889,1.0,0.3076923076923077,0.09523809523809525,0.37142857142857144,0.0,1.0735428464085233,5.0,0.0,3.2,-0.6931471805599456,21.6,1.0373491181781864,0.0,1.0735428464085233,0.0,1.0,1.0,2.8048375549334685,0.08888888888888889,2.0,0.0,6.0,4.0,1.36,-1.0,0.0,0.0,0.8587409130062869,3.0,0.7,0.0,1.0,1.0
bv_indep_none_11_s0.qasm,bv,indep,none,11,0,11.0,8.0,16.0,5.0,0.09090909090909091,1.0,0.3125,0.1,0.3522727272727273,0.0,1.2275294114572128,6.0,0.0,4.166666666666667,-0.6061358035703157,30.909090909090907,1.202581446601398,0.0,1.2275294114572128,0.0,1.0,1.0,2.9685330528355967,0.09090909090909091,2.0,0.0,6.0,5.0,1.900826446280992,-1.0,0.0,0.0,0.8305236914828463,3.0,0.7272727272727273,0.0,1.0,1.0
bv_indep_none_12_s0.qasm,bv,indep,none,12,0,12.0,8.0,16.0,5.0,0.07575757575757576,1.0,0.3125,0.09090909090909091,0.3333333333333333,0.0,1.2275294114572126,6.0,0.0,4.166666666666667,-0.6931471805599456,31.666666666666668,1.1748758068759726,0.0,1.2275294114572126,0.0,1.0,1.0,3.018635331810732,0.07575757575757576,2.0,0.0,7.0,5.0,1.8055555555555554,-1.0,0.0,0.0,0.8305236914828463,3.0,0.6666666666666666,0.0,1.0,1.0
bv_indep_none_3_s0.qasm,bv,indep,none,3,0,3.0,4.0,4.0,1.0,0.3333333333333333,1.0,0.25,0.0,0.5833333333333334,0.0,-0.0,2.0,0.0,0.5,-0.4054651081081645,2.666666666666667,0.2703100720721096,0.0,-0.0,0.0,1.0,1.0,1.6265233750364456,0.3333333333333333,1.0,0.0,2.0,1.0,0.22222222222222224,0.0,0.0,0.0,1.0397207708399179,3.0,1.3333333333333333,0.0,1.0,1.0
bv_indep_none_4_s0.qasm,bv,indep,none,4,0,4.0,4.0,4.0,1.0,0.16666666666666666,1.0,0.25,0.0,0.5,0.0,-0.0,2.0,0.0,0.5,-0.6931471805599453,3.0,0.34657359027997264,0.0,-0.0,0.0,1.0,1.0,1.8060175495841824,0.16666666666666666,1.0,0.0,3.0,1.0,0.25,0.0,0.0,0.0,1.0397207708399179,3.0,1.0,0.0,1.0,1.0
bv_indep_none_5_s0.qasm,bv,indep,none,5,0,5.0,5.0,7.0,2.0,0.2,1.0,0.2857142857142857,0.09999999999999998,0.52,0.0,0.5623351446188083,3.0,0.0,1.3333333333333333,-0.5108256237659905,6.800000000000001,0.6283829567464145,0.0,0.5623351446188083,0.0,1.0,1.0,2.1230237768145908,0.2,2.0,0.0,3.0,2.0,0.56,-1.0,0.0,0.0,0.9556998911125343,3.0,1.0,0.0,1.0,1.0
bv_indep_none_6_s0.qasm,bv,indep,none,6,0,6.0,5.0,7.0,2.0,0.13333333333333333,1.0,0.2857142857142857,0.07999999999999999,0.4666666666666667,0.0,0.5623351446188083,3.0,0.0,1.3333333333333335,-0.6931471805599454,7.333333333333334,0.6452001684846485,0.0,0.5623351446188083,0.0,1.0,1.0,2.23605708621818,0.13333333333333333,2.0,0.0,4.0,2.0,0.5555555555555555,-1.0,0.0,0.0,0.9556998911125343,3.0,0.8333333333333334,0.0,1.0,1.0
bv_indep_none_7_s0.qasm,bv,indep,none,7,0,7.0,6.0,10.0,3.0,0.14285714285714285,1.0,0.3,0.11111111111111112,0.4523809523809524,0.0,0.8675632284814614,3.9999999999999996,0.0,2.2499999999999996,-0.5596157879354222,12.857142857142854,0.8757547785503312,0.0,0.8675632284814614,0.0,1.0,1.0,2.4705672367530425,0.14285714285714285,2.0,0.0,4.0,3.0,0.9795918367346937,-1.0,0.0,0.0,0.8979457248567798,3.0,0.8571428571428571,0.0,1.0,1.0
bv_indep_none_8_s0.qasm,bv,indep,none,8,0,8.0,6.0,10.0,3.0,0.10714285714285714,1.0,0.3,0.09523809523809525,0.4166666666666667,0.0,0.8675632284814614,3.9999999999999996,0.0,2.2499999999999996,-0.6931471805599447,13.499999999999996,0.8664339756999317,0.0,0.8675632284814614,0.0,1.0,1.0,2.551720305869663,0.10714285714285714,2.0,0.0,5.0,3.0,0.9375,-1.0,0.0,0.0,0.8979457248567798,3.0,0.75,0.0,1.0,1.0
bv_indep_none_9_s0.qasm,bv,indep,none,9,0,9.0,7.0,13.0,4.0,0.1111111111111111,1.0,0.3076923076923077,0.10714285714285715,0.3968253968253968,0.0,1.0735428464085233,5.0,0.0,3.2,-0.5877866649021193,20.888888888888886,1.0589563396132502,0.0,1.0735428464085233,0.0,1.0,1.0,2.7424124246142156,0.1111111111111111,2.0,0.0,5.0,4.0,1.4320987654320987,-1.0,0.0,0.0,0.8587409130062869,3.0,0.7777777777777778,0.0,1.0,1.0
dj_indep_none_10_s0.qasm,dj,indep,none,10,0,10.0,4.0,20.0,0.0,0.0,0.0,0.0,0.4444444444444444,0.95,9.999999999999993,2.1972245773362196,10.00000000000001,0.9999999999999982,0.8999999999999999,18.420680743952367,90.0,-6.66133814775095e-16,0.0,0.0,0.0,0.0,0.0,9.00053186770524,1.0,1.0,1.0,1.0,9.0,0.0,0.0,120.0,0.0,0.39439769144744274,3.0,0.4,9.999999999999993,0.5,0.0
dj_indep_none_11_s0.qasm,dj,indep,none,11,0,11.0,4.0,22.0,0.0,0.0,0.0,0.0,0.45,0.9545454545454546,10.999999999999995,2.3025850929940455,11.000000000000002,0.9999999999999993,0.9090909090909092,21.581057455185338,109.99999999999999,2.220446049250312e-16,0.0,0.0,0.0,0.0,0.0,10.000212394380382,1.0,1.0,1.0,1.0,10.0,0.0,0.0,165.0,0.0,0.36764947740014225,3.0,0.36363636363636365,10.999999999999995,0.5,0.0
dj_indep_none_12_s0.qasm,dj,indep,none,12,0,12.0,4.0,24.0,0.0,0.0,0.0,0.0,0.45454545454545453,0.9583333333333334,11.999999999999991,2.3978952727983707,12.000000000000004,0.999999999999999,0.9166666666666665,24.849066497880003,131.99999999999991,1.3322676295501875e-15,0.0,0.0,0.0,0.0,0.0,11.000084284484638,1.0,1.0,1.0,1.0,11.0,0.0,0.0,220.0,0.0,0.3445982481028228,3.0,0.3333333333333333,11.999999999999991,0.5,0.0
dj_indep_none_3_s0.qasm,dj,indep,none,3,0,3.0,4.0,6.0,0.0,0.0,0.0,0.0,0.25,0.8333333333333334,3.0,0.6931471805599453,3.0,1.0,0.6666666666666666,1.0986122886681098,6.0,-0.0,0.0,0.0,0.0,0.0,0.0,2.2109976232381756,1.0,1.0,1.0,1.0,2.0,0.0,0.0,1.0,0.0,0.8675632284814612,3.0,1.3333333333333333,3.0,0.5,0.0
dj_indep_none_4_s0.qasm,dj,indep,none,4,0,4.0,4.0,8.0,0.0,0.0,0.0,0.0,0.3333333333333333,0.875,3.9999999999999964,1.0986122886681096,4.0,0.9999999999999991,0.7500000000000002,2.77258872223978,11.999999999999993,8.881784197001248e-16,0.0,0.0,0.0,0.0,0.0,3.099604568462055,1.0,1.0,1.0,1.0,3.0,0.0,0.0,4.0,0.0,0.7356219397587946,3.0,1.0,3.9999999999999964,0.5,0.0
dj_indep_none_5_s0.qasm,dj,indep,none,5,0,5.0,4.0,10.0,0.0,0.0,0.0,0.0,0.375,0.9,4.9999999999999964,1.3862943611198906,5.000000000000001,0.9999999999999991,0.8000000000000002,4.828313737302301,19.999999999999993,6.661338147750935e-16,0.0,0.0,0.0,0.0,0.0,4.044272763571976,1.0,1.0,1.0,1.0,4.0,0.0,0.0,10.0,0.0,0.639031859650177,3.0,0.8,4.9999999999999964,0.5,0.0
dj_indep_none_6_s0.qasm,dj,indep,none,6,0,6.0,4.0,12.0,0.0,0.0,0.0,0.0,0.4,0.9166666666666666,6.0,1.6094379124341005,6.0,1.0,0.8333333333333333,7.16703787691222,29.999999999999993,-0.0,0.0,0.0,0.0,0.0,0.0,5.018950997980912,1.0,1.0,1.0,1.0,5.0,0.0,0.0,20.0,0.0,0.5660857389596289,3.0,0.6666666666666666,6.0,0.5,0.0
dj_indep_none_7_s0.qasm,dj,indep,none,7,0,7.0,4.0,14.0,0.0,0.0,0.0,0.0,0.4166666666666667,0.9285714285714286,6.999999999999996,1.791759469228055,7.000000000000001,0.9999999999999992,0.8571428571428572,9.729550745276565,41.999999999999986,7.771561172376092e-16,0.0,0.0,0.0,0.0,0.0,6.007918608867486,1.0,1.0,1.0,1.0,6.0,0.0,0.0,35.0,0.0,0.509137344082687,3.0,0.5714285714285714,6.999999999999996,0.5,0.0
dj_indep_none_8_s0.qasm,dj,indep,none,8,0,8.0,4.0,16.0,0.0,0.0,0.0,0.0,0.42857142857142855,0.9375,7.999999999999994,1.9459101490553135,8.000000000000004,0.9999999999999988,0.8750000000000002,12.476649250079015,55.99999999999997,1.3322676295501875e-15,0.0,0.0,0.0,0.0,0.0,7.003254817690259,1.0,1.0,1.0,1.0,7.0,0.0,0.0,56.0,0.0,0.46341355882643,3.0,0.5,7.999999999999994,0.5,0.0
dj_indep_none_9_s0.qasm,dj,indep,none,9,0,9.0,4.0,18.0,0.0,0.0,0.0,0.0,0.4375,0.9444444444444444,8.999999999999996,2.0794415416798353,9.0,0.9999999999999996,0.8888888888888888,15.380572041353533,72.0,4.440892098500625e-16,0.0,0.0,0.0,0.0,0.0,8.001321867009315,1.0,1.0,1.0,1.0,8.0,0.0,0.0,84.0,0.0,0.42584844923858145,3.0,0.4444444444444444,8.999999999999996,0.5,0.0
full_adder_indep_none_10_s0.qasm,full_adder,indep,none,10,0,10.0,10.0,9.0,1.0,0.022222222222222223,1.0,0.1111111111111111,0.0,0.36,0.27339849153267737,1.9777963271691146,5.678670366851214,0.04814480747616895,7.300000000000012,4.394449154672433,36.39999999999997,2.6579406935683636,0.0,-0.0,0.0,1.0,1.0,3.6216114699968136,0.28888888888888886,5.0,0.6333333333333333,1.0,4.0,1.04,-0.30769230769230815,4.0,0.0,0.9649629230074277,3.0,1.0,0.27339849153267737,0.5,1.0
full_adder_indep_none_12_s0.qasm,full_adder,indep,none,12,0,12.0,12.0,11.0,1.0,0.015151515151515152,1.0,0.09090909090909091,0.0,0.3055555555555556,0.19509905612458808,2.1698341761122175,5.77833633173467,0.033763880280402246,10.083333333333341,5.493061443340547,44.66666666666667,3.1706797949346432,0.0,-0.0,0.0,1.0,1.0,3.828070061483224,0.24242424242424243,6.0,0.638888888888889,1.0,4.0,1.0555555555555556,-0.3176470588235294,5.0,0.0,0.9347698978582792,3.0,1.0,0.19509905612458808,0.5,1.0
full_adder_indep_none_4_s0.qasm,full_adder,indep,none,4,0,4.0,4.0,3.0,1.0,0.16666666666666666,1.0,0.3333333333333333,0.0,0.8125,3.9999999999999964,1.0986122886681096,4.0,0.9999999999999991,0.7500000000000002,2.77258872223978,11.999999999999993,8.881784197001248e-16,0.0,-0.0,0.0,1.0,1.0,3.099604568462055,1.0,1.0,1.0,1.0,3.0,0.0,0.0,4.0,0.0,1.0986122886681096,3.0,1.0,3.9999999999999964,0.25,1.0
full_adder_indep_none_6_s0.qasm,full_adder,indep,none,6,0,6.0,6.0,5.0,1.0,0.06666666666666667,1.0,0.2,0.0,0.5555555555555556,0.6313506281127599,1.4283956162619302,5.107096376725475,0.12362222710149126,3.0555555555555602,2.1972245773362156,19.33333333333332,1.355894763707696,0.0,-0.0,0.0,1.0,1.0,3.0080097538254145,0.4666666666666667,3.0,0.611111111111111,1.0,4.0,0.8888888888888888,-0.40000000000000097,2.0,0.0,1.0549201679861442,3.0,1.0,0.6313506281127599,0.5,1.0
full_adder_indep_none_8_s0.qasm,full_adder,indep,none,8,0,8.0,8.0,7.0,1.0,0.03571428571428571,1.0,0.14285714285714285,0.0,0.4375,0.40445884518357683,1.7401435295286012,5.495421009086566,0.0735992464480542,4.9583333333333375,3.295836866004328,27.999999999999996,2.0596319941361148,0.0,-0.0,0.0,1.0,1.0,3.3611340926231765,0.35714285714285715,4.0,0.625,1.0,4.0,1.0,-0.31313131313131504,3.0,0.0,1.0042424730540764,3.0,1.0,0.40445884518357683,0.5,1.0
ghz_indep_none_10_s0.qasm,ghz,indep,none,10,0,10.0,11.0,10.0,9.0,0.2,1.0,0.9,0.0,0.2636363636363636,0.09788696740969288,1.9329587270371456,3.9021130325903073,0.025085630936916604,16.499999999999996,8.881784197001252e-16,19.6,2.421309711843047,0.09788696740969288,1.9329587270371456,0.0,1.0,1.0,3.1051803423299846,0.2,9.0,0.0,1.0,2.0,0.16,-0.12499999999999775,0.0,0.0,0.3250829733914482,2.0,1.1,0.0,0.9090909090909091,1.0
ghz_indep_none_11_s0.qasm,ghz,indep,none,11,0,11.0,12.0,11.0,10.0,0.18181818181818182,1.0,0.9090909090909091,0.0,0.24242424242424243,0.08101405277100515,2.034112907263251,3.9189859472289945,0.020672197824104965,20.000000000000007,0.0,21.636363636363633,2.611410739104783,0.08101405277100515,2.034112907263251,0.0,1.0,1.0,3.202454853151658,0.18181818181818182,10.0,0.0,1.0,2.0,0.14876033057851237,-0.11111111111111192,0.0,0.0,0.30463609734923813,2.0,1.0909090909090908,0.0,0.9166666666666666,1.0
ghz_indep_none_12_s0.qasm,ghz,indep,none,12,0,12.0,13.0,12.0,11.0,0.16666666666666666,1.0,0.9166666666666666,0.0,0.22435897435897437,0.06814834742186346,2.1259701193677225,3.931851652578137,0.017332380120999278,23.83333333333333,-4.440892098500626e-16,23.666666666666664,2.786362912295246,0.06814834742186346,2.1259701193677225,0.0,1.0,1.0,3.2911002302538686,0.16666666666666666,11.0,0.0,1.0,2.0,0.13888888888888887,-0.10000000000000504,0.0,0.0,0.2868359830561607,2.0,1.0833333333333333,0.0,0.9230769230769231,1.0
ghz_indep_none_3_s0.qasm,ghz,indep,none,3,0,3.0,4.0,3.0,2.0,0.6666666666666666,1.0,0.6666666666666666,0.0,0.6666666666666666,0.9999999999999997,0.5623351446188083,3.0,0.3333333333333332,1.3333333333333337,-4.440892098500626e-16,4.666666666666667,0.36620409622270317,0.9999999999999997,0.5623351446188083,0.0,1.0,1.0,1.8494570055365827,0.6666666666666666,2.0,0.0,1.0,2.0,0.2222222222222222,-1.0,0.0,0.0,0.6365141682948128,2.0,1.3333333333333333,0.0,0.75,1.0
ghz_indep_none_4_s0.qasm,ghz,indep,none,4,0,4.0,5.0,4.0,3.0,0.5,1.0,0.75,0.0,0.55,0.585786437626905,0.9141778554279378,3.4142135623730945,0.17157287525380993,2.5,-4.440892098500626e-16,6.999999999999997,0.7630691209796603,0.585786437626905,0.9141778554279378,0.0,1.0,1.0,2.1559086920711485,0.5,3.0,0.0,1.0,2.0,0.25,-0.4999999999999988,0.0,0.0,0.5623351446188083,2.0,1.25,0.0,0.8,1.0
ghz_indep_none_5_s0.qasm,ghz,indep,none,5,0,5.0,6.0,5.0,4.0,0.4,1.0,0.8,0.0,0.4666666666666667,0.3819660112501052,1.1729838118904259,3.6180339887498953,0.10557280900008412,3.9999999999999996,2.220446049250313e-16,9.200000000000003,1.1247682922315043,0.3819660112501052,1.1729838118904259,0.0,1.0,1.0,2.3901669543082593,0.4,4.0,0.0,1.0,2.0,0.24,-0.3333333333333333,0.0,0.0,0.5004024235381879,2.0,1.2,0.0,0.8333333333333334,1.0
ghz_indep_none_6_s0.qasm,ghz,indep,none,6,0,6.0,7.0,6.0,5.0,0.3333333333333333,1.0,0.8333333333333334,0.0,0.40476190476190477,0.2679491924311227,1.378164372501056,3.7320508075688767,0.07179676972449084,5.833333333333333,0.0,11.333333333333332,1.4455645812251086,0.2679491924311227,1.378164372501056,0.0,1.0,1.0,2.579830499327949,0.3333333333333333,5.0,0.0,1.0,2.0,0.2222222222222222,-0.250000000000004,0.0,0.0,0.45056120886630463,2.0,1.1666666666666667,0.0,0.8571428571428571,1.0
ghz_indep_none_7_s0.qasm,ghz,indep,none,7,0,7.0,8.0,7.0,6.0,0.2857142857142857,1.0,0.8571428571428571,0.0,0.35714285714285715,0.19806226419516176,1.5482623649637581,3.801937735804839,0.05209508360168703,7.999999999999998,2.220446049250313e-16,13.428571428571429,1.7301700529675506,0.19806226419516176,1.5482623649637581,0.0,1.0,1.0,2.739192650176053,0.2857142857142857,6.0,0.0,1.0,2.0,0.20408163265306126,-0.19999999999999687,0.0,0.0,0.410116318288409,2.0,1.1428571428571428,0.0,0.875,1.0
ghz_indep_none_8_s0.qasm,ghz,indep,none,8,0,8.0,9.0,8.0,7.0,0.25,1.0,0.875,0.0,0.3194444444444444,0.1522409349774265,1.693569178721476,3.8477590650225735,0.03956612989658004,10.499999999999998,4.440892098500626e-16,15.5,1.9844184338755935,0.1522409349774265,1.693569178721476,0.0,1.0,1.0,2.876614899748463,0.25,7.0,0.0,1.0,2.0,0.1875,-0.16666666666667096,0.0,0.0,0.37677016125643675,2.0,1.125,0.0,0.8888888888888888,1.0
ghz_indep_none_9_s0.qasm,ghz,indep,none,9,0,9.0,10.0,9.0,8.0,0.2222222222222222,1.0,0.8888888888888888,0.0,0.28888888888888886,0.12061475842818312,1.8204105224212266,3.8793852415718173,0.031091204125763345,13.333333333333341,-4.440892098500626e-16,17.55555555555556,2.213415782253626,0.12061475842818312,1.8204105224212266,0.0,1.0,1.0,2.9974137257344693,0.2222222222222222,8.0,0.0,1.0,2.0,0.1728395061728395,-0.14285714285714285,0.0,0.0,0.34883209584303193,2.0,1.1111111111111112,0.0,0.9,1.0
graphstate_indep_none_10_s0.qasm,graphstate,indep,none,10,0,10.0,5.0,20.0,10.0,0.2222222222222222,0.3,0.5,0.3333333333333333,0.8,8.88851453337302e-16,1.9730014063936128,4.000000000000002,2.49309244403853e-16,4.166666666666668,4.053522567701846,20.000000000000004,2.559708451667335,8.88851453337302e-16,1.9730014063936128,0.0,1.0,1.0,3.1872243730702583,0.2222222222222222,3.0,0.0,2.0,2.0,0.0,0.0,0.0,0.0,0.6931471805599453,2.0,0.5,0.0,1.0,1.0
graphstate_indep_none_10_s1.qasm,graphstate,indep,none,10,1,10.0,5.0,20.0,10.0,0.2222222222222222,0.3,0.5,0.3333333333333333,0.8,0.0,1.920676592017158,3.9999999999999996,0.0,2.5833333333333335,4.864452783918174,19.999999999999993,2.4550588229144252,0.0,1.920676592017158,0.0,1.0,1.0,3.287432064581373,0.2222222222222222,2.0,0.6,3.0,2.0,0.0,0.0,2.0,0.0,0.6931471805599453,2.0,0.5,0.0,1.0,1.0
graphstate_indep_none_10_s2.qasm,graphstate,indep,none,10,2,10.0,5.0,20.0,10.0,0.2222222222222222,0.3,0.5,0.3333333333333333,0.8,8.071595944018589e-17,1.973001406393613,4.000000000000001,2.017898986004647e-17,4.166666666666664,4.053522567701848,20.0,2.559708451667335,8.071595944018589e-17,1.973001406393613,0.0,1.0,1.0,3.1872243730702587,0.2222222222222222,3.0,0.0,2.0,2.0,0.0,0.0,0.0,0.0,0.6931471805599453,2.0,0.5,0.0,1.0,1.0
graphstate_indep_none_11_s0.qasm,graphstate,indep,none,11,0,11.0,6.0,22.0,11.0,0.2,0.36363636363636365,0.5,0.26666666666666666,0.6666666666666666,0.3174929343376375,2.0892232257160095,3.9189859472289945,0.08101405277100518,9.999999999999995,2.3978952727983716,21.999999999999986,2.792152090312128,0.3174929343376375,2.0892232257160095,0.0,1.0,1.0,3.260993833902639,0.2,5.0,0.0,1.0,2.0,0.0,0.0,0.0,0.0,0.6931471805599453,2.0,0.5454545454545454,1.19506897656943e-16,0.8333333333333334,1.0
graphstate_indep_none_11_s1.qasm,graphstate,indep,none,11,1,11.0,7.0,22.0,11.0,0.2,0.45454545454545453,0.5,0.21428571428571427,0.5714285714285714,0.31749293433763703,2.0892232257160095,3.9189859472289954,0.08101405277100504,10.00000000000001,2.397895272798367,22.000000000000004,2.7921520903121277,0.31749293433763703,2.0892232257160095,0.0,1.0,1.0,3.260993833902638,0.2,5.0,0.0,1.0,2.0,0.0,0.0,0.0,0.0,0.6931471805599453,2.0,0.6363636363636364,0.0,0.7142857142857143,1.0
graphstate_indep_none_11_s2.qasm,graphstate,indep,none,11,2,11.0,6.0,22.0,11.0,0.2,0.36363636363636365,0.5,0.26666666666666666,0.6666666666666666,0.3174929343376369,2.0892232257160095,3.918985947228996,0.08101405277100501,10.00000000000001,2.397895272798367,22.00000000000001,2.792152090312128,0.3174929343376369,2.0892232257160095,0.0,1.0,1.0,3.260993833902638,0.2,5.0,0.0,1.0,2.0,0.0,0.0,0.0,0.0,0.6931471805599453,2.0,0.5454545454545454,0.0,0.8333333333333334,1.0
graphstate_indep_none_12_s0.qasm,graphstate,indep,none,12,0,12.0,6.0,24.0,12.0,0.18181818181818182,0.3333333333333333,0.5,0.2727272727272727,0.6666666666666666,1.11640141504333e-15,2.165590336710678,3.801937735804839,2.9364011002326346e-16,6.0000000000000036,4.6257894731908245,23.999999999999996,2.944886312301465,1.11640141504333e-15,2.165590336710678,0.0,1.0,1.0,3.348374088876239,0.18181818181818182,3.0,0.0,2.0,2.0,0.0,0.0,0.0,0.0,0.6931471805599453,2.0,0.5,0.0,1.0,1.0
graphstate_indep_none_12_s1.qasm,graphstate,indep,none,12,1,12.0,7.0,24.0,12.0,0.18181818181818182,0.4166666666666667,0.5,0.22077922077922077,0.5714285714285714,0.2679491924311224,2.1766541697504724,4.0,0.0669872981077806,11.916666666666668,2.484906649788002,24.0,2.967013978381054,0.2679491924311224,2.1766541697504724,0.0,1.0,1.0,3.3448042166669105,0.18181818181818182,6.0,0.0,1.0,2.0,0.0,0.0,0.0,0.0,0.6931471805599453,2.0,0.5833333333333334,0.0,0.7142857142857143,1.0
graphstate_indep_none_12_s2.qasm,graphstate,indep,none,12,2,12.0,6.0,24.0,12.0,0.18181818181818182,0.3333333333333333,0.5,0.2727272727272727,0.6666666666666666,0.2679491924311216,2.1766541697504724,4.000000000000001,0.06698729810778038,11.916666666666686,2.484906649787994,24.000000000000014,2.967013978381053,0.2679491924311216,2.1766541697504724,0.0,1.0,1.0,3.34480421666691,0.18181818181818182,6.0,0.0,1.0,2.0,0.0,0.0,0.0,0.0,0.6931471805599453,2.0,0.5,0.0,0.6666666666666666,1.0
graphstate_indep_none_3_s0.qasm,graphstate,indep,none,3,0,3.0,5.0,6.0,3.0,1.0,1.0,0.5,0.09999999999999998,0.8,3.0,0.6931471805599453,3.0,1.0,0.6666666666666666,1.0986122886681098,6.0,-0.0,3.0,0.6931471805599453,0.0,1.0,1.0,2.2109976232381756,1.0,1.0,1.0,1.0,2.0,0.0,0.0,1.0,0.0,0.6931471805599453,2.0,1.6666666666666667,0.0,0.6,1.0
graphstate_indep_none_4_s0.qasm,graphstate,indep,none,4,0,4.0,5.0,8.0,4.0,0.6666666666666666,0.75,0.5,0.20000000000000004,0.8,2.0,1.0397207708399179,3.9999999999999996,0.5000000000000001,1.25,1.3862943611198906,7.999999999999998,0.6931471805599454,2.0,1.0397207708399179,0.0,1.0,1.0,2.3536955519741114,0.6666666666666666,2.0,0.0,1.0,2.0,0.0,0.0,0.0,0.0,0.6931471805599453,2.0,1.25,0.0,0.6,1.0
graphstate_indep_none_4_s2.qasm,graphstate,indep,none,4,2,4.0,5.0,8.0,4.0,0.6666666666666666,0.75,0.5,0.20000000000000004,0.8,1.999999999999999,1.0397207708399179,3.999999999999999,0.49999999999999983,1.2500000000000004,1.3862943611198897,7.9999999999999964,0.6931471805599456,1.999999999999999,1.0397207708399179,0.0,1.0,1.0,2.3536955519741114,0.6666666666666666,2.0,0.0,1.0,2.0,0.0,0.0,0.0,0.0,0.6931471805599453,2.0,1.25,0.0,0.6,1.0
graphstate_indep_none_5_s0.qasm,graphstate,indep,none,5,0,5.0,6.0,10.0,5.0,0.5,0.8,0.5,0.16666666666666669,0.6666666666666666,1.3819660112501049,1.2826616662949935,3.6180339887498945,0.3819660112501051,2.000000000000001,1.6094379124340998,9.999999999999993,1.1790289714700966,1.3819660112501049,1.2826616662949935,0.0,1.0,1.0,2.5254235035082298,0.5,2.0,0.0,1.0,2.0,0.0,0.0,0.0,0.0,0.6931471805599453,2.0,1.2,0.0,0.6666666666666666,1.0
graphstate_indep_none_5_s1.qasm,graphstate,indep,none,5,1,5.0,6.0,10.0,5.0,0.5,0.8,0.5,0.16666666666666669,0.6666666666666666,1.3819660112501049,1.2826616662949935,3.6180339887498936,0.3819660112501052,2.000000000000001,1.609437912434099,9.99999999999999,1.1790289714700968,1.3819660112501049,1.2826616662949935,0.0,1.0,1.0,2.5254235035082298,0.5,2.0,0.0,1.0,2.0,0.0,0.0,0.0,0.0,0.6931471805599453,2.0,1.2,0.0,0.6666666666666666,1.0
graphstate_indep_none_5_s2.qasm,graphstate,indep,none,5,2,5.0,6.0,10.0,5.0,0.5,0.8,0.5,0.16666666666666669,0.6666666666666666,1.3819660112501049,1.2826616662949935,3.6180339887498953,0.38196601125010504,2.0000000000000004,1.6094379124341003,10.0,1.1790289714700963,1.3819660112501049,1.2826616662949935,0.0,1.0,1.0,2.52542350350823,0.5,2.0,0.0,1.0,2.0,0.0,0.0,0.0,0.0,0.6931471805599453,2.0,1.2,0.0,0.6666666666666666,1.0
graphstate_indep_none_6_s0.qasm,graphstate,indep,none,6,0,6.0,5.0,12.0,6.0,0.4,0.5,0.5,0.27999999999999997,0.8,0.9999999999999991,1.4735023850806486,3.999999999999998,0.24999999999999992,2.916666666666668,1.7917594692280532,11.999999999999991,1.5607104090414068,0.9999999999999991,1.4735023850806486,0.0,1.0,1.0,2.6876239260353,0.4,3.0,0.0,1.0,2.0,0.0,0.0,0.0,0.0,0.6931471805599453,2.0,0.8333333333333334,0.0,0.8,1.0
graphstate_indep_none_6_s1.qasm,graphstate,indep,none,6,1,6.0,6.0,12.0,6.0,0.4,0.6666666666666666,0.5,0.2,0.6666666666666666,1.0,1.4735023850806488,3.999999999999999,0.25000000000000006,2.9166666666666665,1.7917594692280554,11.999999999999993,1.5607104090414068,1.0,1.4735023850806488,0.0,1.0,1.0,2.6876239260352994,0.4,3.0,0.0,1.0,2.0,0.0,0.0,0.0,0.0,0.6931471805599453,2.0,1.0,0.0,0.6666666666666666,1.0
graphstate_indep_none_6_s2.qasm,graphstate,indep,none,6,2,6.0,5.0,12.0,6.0,0.4,0.5,0.5,0.27999999999999997,0.8,0.9999999999999996,1.4735023850806486,4.0,0.2499999999999999,2.916666666666668,1.791759469228055,12.0,1.5607104090414066,0.9999999999999996,1.4735023850806486,0.0,1.0,1.0,2.6876239260353,0.4,3.0,0.0,1.0,2.0,0.0,0.0,0.0,0.0,0.6931471805599453,2.0,0.8333333333333334,0.0,0.6,1.0
graphstate_indep_none_7_s0.qasm,graphstate,indep,none,7,0,7.0,5.0,14.0,7.0,0.3333333333333333,0.42857142857142855,0.5,0.3,0.8,0.0,1.5740973368489726,3.999999999999999,0.0,1.9166666666666667,3.0239031505206864,13.999999999999998,1.761900312578055,0.0,1.5740973368489726,0.0,1.0,1.0,2.925803590945268,0.3333333333333333,2.0,0.42857142857142855,2.0,2.0,0.0,0.0,1.0,0.0,0.6931471805599453,2.0,0.7142857142857143,0.0,1.0,1.0
graphstate_indep_none_7_s1.qasm,graphstate,indep,none,7,1,7.0,6.0,14.0,7.0,0.3333333333333333,0.5714285714285714,0.5,0.22222222222222224,0.6666666666666666,0.7530203962825324,1.6319223595935515,3.8019377358048385,0.1980622641951616,4.000000000000002,1.9459101490553123,14.000000000000005,1.877550358067212,0.7530203962825324,1.6319223595935515,0.0,1.0,1.0,2.8308719029336085,0.3333333333333333,3.0,0.0,1.0,2.0,0.0,0.0,0.0,0.0,0.6931471805599453,2.0,0.8571428571428571,0.0,0.6666666666666666,1.0
graphstate_indep_none_7_s2.qasm,graphstate,indep,none,7,2,7.0,5.0,14.0,7.0,0.3333333333333333,0.42857142857142855,0.5,0.3,0.8,0.7530203962825328,1.6319223595935515,3.801937735804838,0.19806226419516174,4.000000000000001,1.9459101490553123,13.999999999999993,1.8775503580672122,0.7530203962825328,1.6319223595935515,0.0,1.0,1.0,2.830871902933609,0.3333333333333333,3.0,0.0,1.0,2.0,0.0,0.0,0.0,0.0,0.6931471805599453,2.0,0.7142857142857143,0.0,0.8,1.0
graphstate_indep_none_8_s0.qasm,graphstate,indep,none,8,0,8.0,6.0,16.0,8.0,0.2857142857142857,0.5,0.5,0.23809523809523808,0.6666666666666666,0.0,1.7231569723023323,3.618033988749896,0.0,2.666666666666668,3.3366588605245835,16.000000000000004,2.0600195834847743,0.0,1.7231569723023323,0.0,1.0,1.0,3.0263100372137632,0.2857142857142857,2.0,0.375,2.0,2.0,0.0,0.0,1.0,0.0,0.6931471805599453,2.0,0.75,0.0,1.0,1.0
graphstate_indep_none_8_s1.qasm,graphstate,indep,none,8,1,8.0,6.0,16.0,8.0,0.2857142857142857,0.5,0.5,0.23809523809523808,0.6666666666666666,0.5857864376269049,1.7678289216097207,3.9999999999999996,0.14644660940672624,5.25,2.0794415416798357,15.999999999999996,2.149363482099551,0.5857864376269049,1.7678289216097207,0.0,1.0,1.0,2.956842037434439,0.2857142857142857,4.0,0.0,1.0,2.0,0.0,0.0,0.0,0.0,0.6931471805599453,2.0,0.75,0.0,0.6666666666666666,1.0
graphstate_indep_none_8_s2.qasm,graphstate,indep,none,8,2,8.0,5.0,16.0,8.0,0.2857142857142857,0.375,0.5,0.31428571428571433,0.8,4.259456505525259e-16,1.7231569723023326,3.6180339887498962,1.1772848234068103e-16,2.6666666666666665,3.3366588605245853,16.0,2.0600195834847748,4.259456505525259e-16,1.7231569723023326,0.0,1.0,1.0,3.026310037213763,0.2857142857142857,2.0,0.375,2.0,2.0,0.0,0.0,1.0,0.0,0.6931471805599453,2.0,0.625,0.0,1.0,1.0
graphstate_indep_none_9_s0.qasm,graphstate,indep,none,9,0,9.0,5.0,18.0,9.0,0.25,0.3333333333333333,0.5,0.325,0.8,6.448817530054651e-16,1.8498981518685602,3.9999999999999996,1.612204382513663e-16,3.583333333333334,3.5835189384561095,17.999999999999993,2.31350194261723,6.448817530054651e-16,1.8498981518685602,0.0,1.0,1.0,3.127704340555186,0.25,3.0,0.3333333333333333,2.0,2.0,0.0,0.0,1.0,0.0,0.6931471805599453,2.0,0.5555555555555556,0.0,1.0,1.0
graphstate_indep_none_9_s1.qasm,graphstate,indep,none,9,1,9.0,6.0,18.0,9.0,0.25,0.4444444444444444,0.5,0.25,0.6666666666666666,0.4679111137620432,1.8870383859408189,3.879385241571819,0.12061475842818298,6.666666666666671,2.197224577336217,18.000000000000007,2.3877824107617465,0.4679111137620432,1.8870383859408189,0.0,1.0,1.0,3.0688118339050323,0.25,4.0,0.0,1.0,2.0,0.0,0.0,0.0,0.0,0.6931471805599453,2.0,0.6666666666666666,1.0511828370891194e-16,0.6666666666666666,1.0
graphstate_indep_none_9_s2.qasm,graphstate,indep,none,9,2,9.0,6.0,18.0,9.0,0.25,0.4444444444444444,0.5,0.25,0.6666666666666666,9.089662969493214e-16,1.8616495115789498,4.0,2.2724157423733034e-16,3.250000000000001,3.7942399697717613,17.999999999999996,2.337004662038009,9.089662969493214e-16,1.8616495115789498,0.0,1.0,1.0,3.091977366375047,0.25,2.0,0.0,2.0,2.0,0.0,0.0,0.0,0.0,0.6931471805599453,2.0,0.6666666666666666,0.0,1.0,1.0
grover_indep_none_10_s0.qasm,grover,indep,none,10,0,10.0,19.0,27.0,0.0,0.0,0.0,0.0,0.04678362573099415,1.0,9.999999999999993,2.1972245773362196,10.00000000000001,0.9999999999999982,0.8999999999999999,18.420680743952367,90.0,-6.66133814775095e-16,0.0,0.0,0.0,0.0,0.0,9.000531867705241,1.0,1.0,1.0,1.0,9.0,0.0,0.0,120.0,0.0,0.7795536050790828,3.0,1.9,9.999999999999993,0.10526315789473684,0.0
grover_indep_none_10_s1.qasm,grover,indep,none,10,1,10.0,19.0,27.0,0.0,0.0,0.0,0.0,0.04678362573099415,1.0,9.999999999999993,2.1972245773362196,10.00000000000001,0.9999999999999982,0.8999999999999999,18.420680743952367,90.0,-6.66133814775095e-16,0.0,0.0,0.0,0.0,0.0,9.000531867705241,1.0,1.0,1.0,1.0,9.0,0.0,0.0,120.0,0.0,0.7795536050790828,3.0,1.9,9.999999999999993,0.10526315789473684,0.0
grover_indep_none_10_s2.qasm,grover,indep,none,10,2,10.0,19.0,27.0,0.0,0.0,0.0,0.0,0.04678362573099415,1.0,9.999999999999993,2.1972245773362196,10.00000000000001,0.9999999999999982,0.8999999999999999,18.420680743952367,90.0,-6.66133814775095e-16,0.0,0.0,0.0,0.0,0.0,9.000531867705241,1.0,1.0,1.0,1.0,9.0,0.0,0.0,120.0,0.0,0.7795536050790828,3.0,1.9,9.999999999999993,0.10526315789473684,0.0
grover_indep_none_11_s0.qasm,grover,indep,none,11,0,11.0,27.0,36.0,0.0,0.0,0.0,0.0,0.033333333333333326,1.0,10.999999999999995,2.3025850929940455,11.000000000000002,0.9999999999999993,0.9090909090909092,21.581057455185338,109.99999999999999,2.220446049250312e-16,0.0,0.0,0.0,0.0,0.0,10.000212394380382,1.0,1.0,1.0,1.0,10.0,0.0,0.0,165.0,0.0,0.7085815342437357,3.0,2.4545454545454546,10.999999999999995,0.07407407407407407,0.0
grover_indep_none_11_s1.qasm,grover,indep,none,11,1,11.0,27.0,36.0,0.0,0.0,0.0,0.0,0.033333333333333326,1.0,10.999999999999995,2.3025850929940455,11.000000000000002,0.9999999999999993,0.9090909090909092,21.581057455185338,109.99999999999999,2.220446049250312e-16,0.0,0.0,0.0,0.0,0.0,10.000212394380382,1.0,1.0,1.0,1.0,10.0,0.0,0.0,165.0,0.0,0.7085815342437357,3.0,2.4545454545454546,10.999999999999995,0.07407407407407407,0.0
grover_indep_none_11_s2.qasm,grover,indep,none,11,2,11.0,27.0,36.0,0.0,0.0,0.0,0.0,0.033333333333333326,1.0,10.999999999999995,2.3025850929940455,11.000000000000002,0.9999999999999993,0.9090909090909092,21.581057455185338,109.99999999999999,2.220446049250312e-16,0.0,0.0,0.0,0.0,0.0,10.000212394380382,1.0,1.0,1.0,1.0,10.0,0.0,0.0,165.0,0.0,0.7085815342437357,3.0,2.4545454545454546,10.999999999999995,0.07407407407407407,0.0
grover_indep_none_12_s0.qasm,grover,indep,none,12,0,12.0,37.0,47.0,0.0,0.0,0.0,0.0,0.02457002457002456,1.0,11.999999999999991,2.3978952727983707,12.000000000000004,0.999999999999999,0.9166666666666665,24.849066497880003,131.99999999999991,1.3322676295501875e-15,0.0,0.0,0.0,0.0,0.0,11.000084284484638,1.0,1.0,1.0,1.0,11.0,0.0,0.0,220.0,0.0,0.641338449520451,3.0,3.0833333333333335,11.999999999999991,0.05405405405405406,0.0
grover_indep_none_12_s1.qasm,grover,indep,none,12,1,12.0,37.0,47.0,0.0,0.0,0.0,0.0,0.02457002457002456,1.0,11.999999999999991,2.3978952727983707,12.000000000000004,0.999999999999999,0.9166666666666665,24.849066497880003,131.99999999999991,1.3322676295501875e-15,0.0,0.0,0.0,0.0,0.0,11.000084284484638,1.0,1.0,1.0,1.0,11.0,0.0,0.0,220.0,0.0,0.641338449520451,3.0,3.0833333333333335,11.999999999999991,0.05405405405405406,0.0
grover_indep_none_12_s2.qasm,grover,indep,none,12,2,12.0,37.0,47.0,0.0,0.0,0.0,0.0,0.02457002457002456,1.0,11.999999999999991,2.3978952727983707,12.000000000000004,0.999999999999999,0.9166666666666665,24.849066497880003,131.99999999999991,1.3322676295501875e-15,0.0,0.0,0.0,0.0,0.0,11.000084284484638,1.0,1.0,1.0,1.0,11.0,0.0,0.0,220.0,0.0,0.641338449520451,3.0,3.0833333333333335,11.999999999999991,0.05405405405405406,0.0
grover_indep_none_3_s0.qasm,grover,indep,none,3,0,3.0,3.0,4.0,0.0,0.0,0.0,0.0,0.16666666666666663,1.0,3.0,0.6931471805599453,3.0,1.0,0.6666666666666666,1.0986122886681098,6.0,-0.0,0.0,0.0,0.0,0.0,0.0,2.2109976232381756,1.0,1.0,1.0,1.0,2.0,0.0,0.0,1.0,0.0,1.0397207708399179,3.0,1.0,0.0,0.6666666666666666,0.0
grover_indep_none_4_s0.qasm,grover,indep,none,4,0,4.0,4.0,6.0,0.0,0.0,0.0,0.0,0.16666666666666666,1.0,3.9999999999999964,1.0986122886681096,4.0,0.9999999999999991,0.7500000000000002,2.77258872223978,11.999999999999993,8.881784197001248e-16,0.0,0.0,0.0,0.0,0.0,3.099604568462055,1.0,1.0,1.0,1.0,3.0,0.0,0.0,4.0,0.0,1.0114042647073518,3.0,1.0,3.9999999999999964,0.5,0.0
grover_indep_none_5_s0.qasm,grover,indep,none,5,0,5.0,5.0,8.0,0.0,0.0,0.0,0.0,0.15000000000000002,1.0,4.9999999999999964,1.3862943611198906,5.000000000000001,0.9999999999999991,0.8000000000000002,4.828313737302301,19.999999999999993,6.661338147750935e-16,0.0,0.0,0.0,0.0,0.0,4.044272763571976,1.0,1.0,1.0,1.0,4.0,0.0,0.0,10.0,0.0,0.9743147528693494,3.0,1.0,4.9999999999999964,0.4,0.0
grover_indep_none_6_s0.qasm,grover,indep,none,6,0,6.0,6.0,10.0,0.0,0.0,0.0,0.0,0.13333333333333336,1.0,6.0,1.6094379124341005,6.0,1.0,0.8333333333333333,7.16703787691222,29.999999999999993,-0.0,0.0,0.0,0.0,0.0,0.0,5.018950997980912,1.0,1.0,1.0,1.0,5.0,0.0,0.0,20.0,0.0,0.9433483923290392,3.0,1.0,6.0,0.3333333333333333,0.0
grover_indep_none_7_s0.qasm,grover,indep,none,7,0,7.0,8.0,13.0,0.0,0.0,0.0,0.0,0.10416666666666667,1.0,6.999999999999996,1.791759469228055,7.000000000000001,0.9999999999999992,0.8571428571428572,9.729550745276565,41.999999999999986,7.771561172376092e-16,0.0,0.0,0.0,0.0,0.0,6.007918608867486,1.0,1.0,1.0,1.0,6.0,0.0,0.0,35.0,0.0,0.9110175397125628,3.0,1.1428571428571428,6.999999999999996,0.25,0.0
grover_indep_none_7_s1.qasm,grover,indep,none,7,1,7.0,8.0,13.0,0.0,0.0,0.0,0.0,0.10416666666666667,1.0,6.999999999999996,1.791759469228055,7.000000000000001,0.9999999999999992,0.8571428571428572,9.729550745276565,41.999999999999986,7.771561172376092e-16,0.0,0.0,0.0,0.0,0.0,6.007918608867486,1.0,1.0,1.0,1.0,6.0,0.0,0.0,35.0,0.0,0.9110175397125628,3.0,1.1428571428571428,6.999999999999996,0.25,0.0
grover_indep_none_7_s2.qasm,grover,indep,none,7,2,7.0,8.0,13.0,0.0,0.0,0.0,0.0,0.10416666666666667,1.0,6.999999999999996,1.791759469228055,7.000000000000001,0.9999999999999992,0.8571428571428572,9.729550745276565,41.999999999999986,7.771561172376092e-16,0.0,0.0,0.0,0.0,0.0,6.007918608867486,1.0,1.0,1.0,1.0,6.0,0.0,0.0,35.0,0.0,0.9110175397125628,3.0,1.1428571428571428,6.999999999999996,0.25,0.0
grover_indep_none_8_s0.qasm,grover,indep,none,8,0,8.0,10.0,16.0,0.0,0.0,0.0,0.0,0.08571428571428573,1.0,7.999999999999994,1.9459101490553135,8.000000000000004,0.9999999999999988,0.8750000000000002,12.476649250079015,55.99999999999997,1.3322676295501875e-15,0.0,0.0,0.0,0.0,0.0,7.003254817690259,1.0,1.0,1.0,1.0,7.0,0.0,0.0,56.0,0.0,0.8815322611881637,3.0,1.25,7.999999999999994,0.2,0.0
grover_indep_none_8_s1.qasm,grover,indep,none,8,1,8.0,10.0,16.0,0.0,0.0,0.0,0.0,0.08571428571428573,1.0,7.999999999999994,1.9459101490553135,8.000000000000004,0.9999999999999988,0.8750000000000002,12.476649250079015,55.99999999999997,1.3322676295501875e-15,0.0,0.0,0.0,0.0,0.0,7.003254817690259,1.0,1.0,1.0,1.0,7.0,0.0,0.0,56.0,0.0,0.8815322611881637,3.0,1.25,7.999999999999994,0.2,0.0
grover_indep_none_8_s2.qasm,grover,indep,none,8,2,8.0,10.0,16.0,0.0,0.0,0.0,0.0,0.08571428571428573,1.0,7.999999999999994,1.9459101490553135,8.000000000000004,0.9999999999999988,0.8750000000000002,12.476649250079015,55.99999999999997,1.3322676295501875e-15,0.0,0.0,0.0,0.0,0.0,7.003254817690259,1.0,1.0,1.0,1.0,7.0,0.0,0.0,56.0,0.0,0.8815322611881637,3.0,1.25,7.999999999999994,0.2,0.0
grover_indep_none_9_s0.qasm,grover,indep,none,9,0,9.0,14.0,21.0,0.0,0.0,0.0,0.0,0.0625,1.0,8.999999999999996,2.0794415416798353,9.0,0.9999999999999996,0.8888888888888888,15.380572041353533,72.0,4.440892098500625e-16,0.0,0.0,0.0,0.0,0.0,8.001321867009315,1.0,1.0,1.0,1.0,8.0,0.0,0.0,84.0,0.0,0.8324075743474855,3.0,1.5555555555555556,8.999999999999996,0.14285714285714285,0.0
grover_indep_none_9_s1.qasm,grover,indep,none,9,1,9.0,14.0,21.0,0.0,0.0,0.0,0.0,0.0625,1.0,8.999999999999996,2.0794415416798353,9.0,0.9999999999999996,0.8888888888888888,15.380572041353533,72.0,4.440892098500625e-16,0.0,0.0,0.0,0.0,0.0,8.001321867009315,1.0,1.0,1.0,1.0,8.0,0.0,0.0,84.0,0.0,0.8324075743474855,3.0,1.5555555555555556,8.999999999999996,0.14285714285714285,0.0
grover_indep_none_9_s2.qasm,grover,indep,none,9,2,9.0,14.0,21.0,0.0,0.0,0.0,0.0,0.0625,1.0,8.999999999999996,2.0794415416798353,9.0,0.9999999999999996,0.8888888888888888,15.380572041353533,72.0,4.440892098500625e-16,0.0,0.0,0.0,0.0,0.0,8.001321867009315,1.0,1.0,1.0,1.0,8.0,0.0,0.0,84.0,0.0,0.8324075743474855,3.0,1.5555555555555556,8.999999999999996,0.14285714285714285,0.0
qaoa_indep_none_10_s0.qasm,qaoa,indep,none,10,0,10.0,26.0,82.0,52.0,0.5777777777777777,0.4423076923076923,0.6341463414634146,0.2393162393162393,0.5153846153846153,2.414367166794298,2.137872987939419,8.767891257508108,0.27536463396792593,1.803662257361512,12.885678555523452,63.59999999999998,2.5439146842305944,4.828734333588596,2.137872987939419,0.0,2.0,2.0,5.464139402173682,0.5777777777777777,3.0,0.5190476190476191,1.0,7.0,1.1600000000000001,-0.13868613138686472,20.0,10.846153846153847,0.8895830305904178,3.0,2.6,2.153921765192165,0.3076923076923077,1.0
qaoa_indep_none_11_s0.qasm,qaoa,indep,none,11,0,11.0,26.0,91.0,58.0,0.5272727272727272,0.39655172413793105,0.6373626373626373,0.25,0.5209790209790209,2.197957410513233,2.2252516420120827,9.46817015673177,0.23214173109790473,2.080499431364483,14.318150772486275,80.1818181818182,2.966984222483087,4.395914821026466,2.2252516420120827,0.0,2.0,2.0,5.670363146955125,0.5272727272727272,3.0,0.5411255411255411,1.0,8.0,2.0165289256198347,-0.19552414605418625,23.0,10.758620689655173,0.8857443791942419,3.0,2.3636363636363638,2.0801565870847085,0.3076923076923077,1.0
qaoa_indep_none_12_s0.qasm,qaoa,indep,none,12,0,12.0,31.0,108.0,72.0,0.5454545454545454,0.3888888888888889,0.6666666666666666,0.22580645161290322,0.4838709677419355,3.00878651122232,2.3435671822422517,9.835460819909706,0.30591210379606215,1.9120837071219072,17.525001650272095,87.99999999999996,3.310846278085181,6.01757302244464,2.3435671822422517,0.0,2.0,2.0,6.233121166572668,0.5454545454545454,2.0,0.5345238095238095,1.0,8.0,1.3333333333333333,-0.23317307692308234,32.0,11.916666666666666,0.8486855577264172,3.0,2.5833333333333335,2.131165071541414,0.3548387096774194,1.0
qaoa_indep_none_3_s0.qasm,qaoa,indep,none,3,0,3.0,7.0,13.0,4.0,0.6666666666666666,1.0,0.3076923076923077,0.4285714285714286,0.8095238095238095,0.9999999999999997,0.5623351446188083,3.0,0.3333333333333332,1.3333333333333337,-4.440892098500626e-16,4.666666666666667,0.36620409622270317,1.9999999999999993,0.5623351446188083,0.0,2.0,2.0,1.8494570055365827,0.6666666666666666,2.0,0.0,1.0,2.0,0.2222222222222222,-1.0,0.0,3.0,1.0579054247036734,3.0,2.3333333333333335,0.9999999999999997,0.42857142857142855,1.0
qaoa_indep_none_4_s0.qasm,qaoa,indep,none,4,0,4.0,7.0,14.0,4.0,0.3333333333333333,1.0,0.2857142857142857,0.3333333333333333,0.6428571428571429,3.960290235698816e-17,0.5623351446188083,3.0,1.3200967452329386e-17,1.3333333333333337,-0.28768207245178123,6.0,0.5623351446188083,7.920580471397632e-17,0.5623351446188083,0.0,2.0,2.0,1.9955662121331506,0.3333333333333333,2.0,0.0,2.0,2.0,0.5,-1.0,0.0,3.0,1.2396593920543857,4.0,1.75,3.960290235698816e-17,1.0,1.0
qaoa_indep_none_5_s0.qasm,qaoa,indep,none,5,0,5.0,10.0,27.0,12.0,0.6,0.5833333333333334,0.4444444444444444,0.42500000000000004,0.78,0.8299135133739667,1.2539556301909534,4.481194304092016,0.18519918063274532,2.0499999999999994,2.079441541679836,15.2,0.9083685428089281,1.6598270267479334,1.2539556301909534,0.0,2.0,2.0,2.900540968446914,0.6,3.0,0.5333333333333333,1.0,3.0,0.64,-0.2857142857142857,2.0,4.0,1.0405805589833304,3.0,2.0,0.8299135133739667,0.4,1.0
qaoa_indep_none_6_s0.qasm,qaoa,indep,none,6,0,6.0,10.0,32.0,14.0,0.4666666666666667,0.5,0.4375,0.44000000000000006,0.7666666666666667,0.4384471871911688,1.4641355958207205,4.56155281280883,0.09611796797792413,3.5000000000000053,2.1972245773362173,15.333333333333336,1.4392880493448728,0.8768943743823376,1.4641355958207205,0.0,2.0,2.0,2.965620805840463,0.4666666666666667,3.0,0.7777777777777778,1.0,3.0,0.2222222222222222,-0.16666666666666508,2.0,4.0,1.0433534269422906,3.0,1.6666666666666667,0.4384471871911688,0.4,1.0
qaoa_indep_none_7_s0.qasm,qaoa,indep,none,7,0,7.0,16.0,45.0,24.0,0.5714285714285714,0.5416666666666666,0.5333333333333333,0.3020833333333333,0.6160714285714286,2.3248691294333548,1.7298375050845147,6.2143197433775335,0.3741148227705724,1.7014285714285713,5.991464547107981,25.71428571428569,1.7063788244293117,4.6497382588667096,1.7298375050845147,0.0,2.0,2.0,3.6935243639249897,0.5714285714285714,2.0,0.2619047619047619,1.0,4.0,0.24489795918367346,0.0,3.0,6.833333333333333,0.9879632545180641,3.0,2.2857142857142856,2.3248691294333548,0.3125,1.0
qaoa_indep_none_8_s0.qasm,qaoa,indep,none,8,0,8.0,20.0,52.0,28.0,0.5,0.6071428571428571,0.5384615384615384,0.2285714285714286,0.5,1.418751619439537,1.8340633760528327,6.853403126682328,0.2070141786809413,2.290047114252061,6.744059186311347,37.999999999999986,2.0345514264511255,2.837503238879074,1.8340633760528327,0.0,2.0,2.0,3.963651237324052,0.5,3.0,0.42083333333333334,1.0,5.0,1.25,-0.400000000000003,5.0,7.857142857142857,0.9839614460010255,3.0,2.5,0.8024096438201007,0.3,1.0
qaoa_indep_none_9_s0.qasm,qaoa,indep,none,9,0,9.0,22.0,63.0,36.0,0.5,0.5277777777777778,0.5714285714285714,0.23295454545454547,0.5,1.7704147849457392,2.0009881746797964,6.968138919291242,0.2540728314190693,2.153093366034288,9.131513591430211,42.00000000000003,2.4587752542396233,3.5408295698914785,2.0009881746797964,0.0,2.0,2.0,4.3386511844091995,0.5,2.0,0.42962962962962964,1.0,5.0,0.6666666666666666,-0.21739130434782675,8.0,9.777777777777779,0.9556998911125343,3.0,2.4444444444444446,1.7704147849457392,0.36363636363636365,1.0
qft_indep_none_10_s0.qasm,qft,indep,none,10,0,10.0,20.0,55.0,45.0,1.0,0.2,0.8181818181818182,0.19444444444444445,0.55,9.999999999999993,2.1972245773362196,10.00000000000001,0.9999999999999982,0.8999999999999999,18.420680743952367,90.0,-6.66133814775095e-16,9.999999999999993,2.1972245773362196,0.0,1.0,1.0,9.00053186770524,1.0,1.0,1.0,1.0,9.0,0.0,0.0,120.0,0.0,0.47413931305783735,2.0,2.0,1.0,0.5,1.0
qft_indep_none_11_s0.qasm,qft,indep,none,11,0,11.0,22.0,66.0,55.0,1.0,0.18181818181818182,0.8333333333333334,0.2,0.5454545454545454,10.999999999999995,2.3025850929940455,11.000000000000002,0.9999999999999993,0.9090909090909092,21.581057455185338,109.99999999999999,2.220446049250312e-16,10.999999999999995,2.3025850929940455,0.0,1.0,1.0,10.000212394380382,1.0,1.0,1.0,1.0,10.0,0.0,0.0,165.0,0.0,0.45056120886630463,2.0,2.0,1.0,0.5,1.0
qft_indep_none_12_s0.qasm,qft,indep,none,12,0,12.0,24.0,78.0,66.0,1.0,0.16666666666666666,0.8461538461538461,0.20454545454545456,0.5416666666666666,11.999999999999991,2.3978952727983707,12.000000000000004,0.999999999999999,0.9166666666666665,24.849066497880003,131.99999999999991,1.3322676295501875e-15,11.999999999999991,2.3978952727983707,0.0,1.0,1.0,11.000084284484638,1.0,1.0,1.0,1.0,11.0,0.0,0.0,220.0,0.0,0.4293230219306162,2.0,2.0,1.0,0.5,1.0
qft_indep_none_3_s0.qasm,qft,indep,none,3,0,3.0,6.0,6.0,3.0,1.0,0.6666666666666666,0.5,0.0,0.6666666666666666,3.0,0.6931471805599453,3.0,1.0,0.6666666666666666,1.0986122886681098,6.0,-0.0,3.0,0.6931471805599453,0.0,1.0,1.0,2.2109976232381756,1.0,1.0,1.0,1.0,2.0,0.0,0.0,1.0,0.0,0.6931471805599453,2.0,2.0,0.9999999999999997,0.5,1.0
qft_indep_none_4_s0.qasm,qft,indep,none,4,0,4.0,8.0,10.0,6.0,1.0,0.5,0.6,0.08333333333333333,0.625,3.9999999999999964,1.0986122886681096,4.0,0.9999999999999991,0.7500000000000002,2.77258872223978,11.999999999999993,8.881784197001248e-16,3.9999999999999964,1.0986122886681096,0.0,1.0,1.0,3.099604568462055,1.0,1.0,1.0,1.0,3.0,0.0,0.0,4.0,0.0,0.6730116670092565,2.0,2.0,1.0,0.5,1.0
qft_indep_none_5_s0.qasm,qft,indep,none,5,0,5.0,10.0,15.0,10.0,1.0,0.4,0.6666666666666666,0.125,0.6,4.9999999999999964,1.3862943611198906,5.000000000000001,0.9999999999999991,0.8000000000000002,4.828313737302301,19.999999999999993,6.661338147750935e-16,4.9999999999999964,1.3862943611198906,0.0,1.0,1.0,4.044272763571976,1.0,1.0,1.0,1.0,4.0,0.0,0.0,10.0,0.0,0.6365141682948128,2.0,2.0,1.0,0.5,1.0
qft_indep_none_6_s0.qasm,qft,indep,none,6,0,6.0,12.0,21.0,15.0,1.0,0.3333333333333333,0.7142857142857143,0.15,0.5833333333333334,6.0,1.6094379124341005,6.0,1.0,0.8333333333333333,7.16703787691222,29.999999999999993,-0.0,6.0,1.6094379124341005,0.0,1.0,1.0,5.018950997980912,1.0,1.0,1.0,1.0,5.0,0.0,0.0,20.0,0.0,0.5982695885852573,2.0,2.0,1.0000000000000002,0.5,1.0
qft_indep_none_7_s0.qasm,qft,indep,none,7,0,7.0,14.0,28.0,21.0,1.0,0.2857142857142857,0.75,0.16666666666666666,0.5714285714285714,6.999999999999996,1.791759469228055,7.000000000000001,0.9999999999999992,0.8571428571428572,9.729550745276565,41.999999999999986,7.771561172376092e-16,6.999999999999996,1.791759469228055,0.0,1.0,1.0,6.007918608867486,1.0,1.0,1.0,1.0,6.0,0.0,0.0,35.0,0.0,0.5623351446188083,2.0,2.0,0.9999999999999999,0.5,1.0
qft_indep_none_8_s0.qasm,qft,indep,none,8,0,8.0,16.0,36.0,28.0,1.0,0.25,0.7777777777777778,0.17857142857142858,0.5625,7.999999999999994,1.9459101490553135,8.000000000000004,0.9999999999999988,0.8750000000000002,12.476649250079015,55.99999999999997,1.3322676295501875e-15,7.999999999999994,1.9459101490553135,0.0,1.0,1.0,7.003254817690259,1.0,1.0,1.0,1.0,7.0,0.0,0.0,56.0,0.0,0.5297061990576545,2.0,2.0,1.0,0.5,1.0
qft_indep_none_9_s0.qasm,qft,indep,none,9,0,9.0,18.0,45.0,36.0,1.0,0.2222222222222222,0.8,0.1875,0.5555555555555556,8.999999999999996,2.0794415416798353,9.0,0.9999999999999996,0.8888888888888888,15.380572041353533,72.0,4.440892098500625e-16,8.999999999999996,2.0794415416798353,0.0,1.0,1.0,8.001321867009315,1.0,1.0,1.0,1.0,8.0,0.0,0.0,84.0,0.0,0.5004024235381879,2.0,2.0,1.0,0.5,1.0
qftentangled_indep_none_10_s0.qasm,qftentangled,indep,none,10,0,10.0,22.0,65.0,54.0,1.0,0.18518518518518517,0.8307692307692308,0.21717171717171718,0.5863636363636363,9.999999999999993,2.1972245773362196,10.00000000000001,0.9999999999999982,0.8999999999999999,18.420680743952367,90.0,-6.66133814775095e-16,10.097886967409694,2.191031919713593,0.13333333333333333,1.2,2.0,9.000531867705241,1.0,1.0,1.0,1.0,9.0,0.0,0.0,120.0,6.0,0.8289767893345228,3.0,2.2,0.6417674781093123,0.45454545454545453,1.0
qftentangled_indep_none_11_s0.qasm,qftentangled,indep,none,11,0,11.0,24.0,77.0,65.0,1.0,0.16923076923076924,0.8441558441558441,0.22083333333333335,0.5795454545454546,10.999999999999995,2.3025850929940455,11.000000000000002,0.9999999999999993,0.9090909090909092,21.581057455185338,109.99999999999999,2.220446049250312e-16,11.081014052771003,2.297244951677755,0.1258741258741258,1.1818181818181819,2.0,10.000212394380382,1.0,1.0,1.0,1.0,10.0,0.0,0.0,165.0,6.5,0.7951293710071596,3.0,2.1818181818181817,0.6293197297103373,0.4583333333333333,1.0
qftentangled_indep_none_12_s0.qasm,qftentangled,indep,none,12,0,12.0,26.0,90.0,77.0,1.0,0.15584415584415584,0.8555555555555555,0.22377622377622378,0.5737179487179487,11.999999999999991,2.3978952727983707,12.000000000000004,0.999999999999999,0.9166666666666665,24.849066497880003,131.99999999999991,1.3322676295501875e-15,12.068148347421866,2.3932459390144083,0.119047619047619,1.1666666666666667,2.0,11.000084284484638,1.0,1.0,1.0,1.0,11.0,0.0,0.0,220.0,7.0,0.7638274189799746,3.0,2.1666666666666665,0.6195211166107397,0.46153846153846156,1.0
qftentangled_indep_none_3_s0.qasm,qftentangled,indep,none,3,0,3.0,8.0,9.0,5.0,1.0,0.6,0.5555555555555556,0.0625,0.7083333333333334,3.0,0.6931471805599453,3.0,1.0,0.6666666666666666,1.0986122886681098,6.0,-0.0,4.000000000000001,0.6730116670092565,0.1333333333333333,1.6666666666666667,2.0,2.2109976232381756,1.0,1.0,1.0,1.0,2.0,0.0,0.0,1.0,2.5,1.0608569471580214,3.0,2.6666666666666665,0.9999999999999997,0.375,1.0
qftentangled_indep_none_4_s0.qasm,qftentangled,indep,none,4,0,4.0,10.0,14.0,9.0,1.0,0.4444444444444444,0.6428571428571429,0.1333333333333333,0.675,3.9999999999999964,1.0986122886681096,4.0,0.9999999999999991,0.7500000000000002,2.77258872223978,11.999999999999993,8.881784197001248e-16,4.585786437626905,1.0799183745112713,0.16666666666666666,1.5,2.0,3.099604568462055,1.0,1.0,1.0,1.0,3.0,0.0,0.0,4.0,3.0,1.060944240790747,3.0,2.5,1.0,0.4,1.0
qftentangled_indep_none_5_s0.qasm,qftentangled,indep,none,5,0,5.0,12.0,20.0,14.0,1.0,0.35714285714285715,0.7,0.16666666666666669,0.65,4.9999999999999964,1.3862943611198906,5.000000000000001,0.9999999999999991,0.8000000000000002,4.828313737302301,19.999999999999993,6.661338147750935e-16,5.381966011250104,1.370864136245933,0.17142857142857135,1.4,2.0,4.044272763571976,1.0,1.0,1.0,1.0,4.0,0.0,0.0,10.0,3.5,1.0296530140645737,3.0,2.4,0.8299135133739663,0.4166666666666667,1.0
qftentangled_indep_none_6_s0.qasm,qftentangled,indep,none,6,0,6.0,14.0,27.0,20.0,1.0,0.3,0.7407407407407407,0.18571428571428572,0.6309523809523809,6.0,1.6094379124341005,6.0,1.0,0.8333333333333333,7.16703787691222,29.999999999999993,-0.0,6.2679491924311215,1.5968550721175374,0.16666666666666666,1.3333333333333333,2.0,5.018950997980912,1.0,1.0,1.0,1.0,5.0,0.0,0.0,20.0,4.0,0.9888252503713347,3.0,2.3333333333333335,0.7639320225002102,0.42857142857142855,1.0
qftentangled_indep_none_7_s0.qasm,qftentangled,indep,none,7,0,7.0,16.0,35.0,27.0,1.0,0.25925925925925924,0.7714285714285715,0.19791666666666666,0.6160714285714286,6.999999999999996,1.791759469228055,7.000000000000001,0.9999999999999992,0.8571428571428572,9.729550745276565,41.999999999999986,7.771561172376092e-16,7.198062264195161,1.781415553281082,0.15873015873015867,1.2857142857142858,2.0,6.007918608867486,1.0,1.0,1.0,1.0,6.0,0.0,0.0,35.0,4.5,0.9461749088894451,3.0,2.2857142857142856,0.7122999965657965,0.4375,1.0
qftentangled_indep_none_8_s0.qasm,qftentangled,indep,none,8,0,8.0,18.0,44.0,35.0,1.0,0.22857142857142856,0.7954545454545454,0.20634920634920637,0.6041666666666666,7.999999999999994,1.9459101490553135,8.000000000000004,0.9999999999999988,0.8750000000000002,12.476649250079015,55.99999999999997,1.3322676295501875e-15,8.152240934977424,1.9373001601867137,0.14999999999999997,1.25,2.0,7.003254817690259,1.0,1.0,1.0,1.0,7.0,0.0,0.0,56.0,5.0,0.9046869401837412,3.0,2.25,0.6805809865837061,0.4444444444444444,1.0
qftentangled_indep_none_9_s0.qasm,qftentangled,indep,none,9,0,9.0,20.0,54.0,44.0,1.0,0.20454545454545456,0.8148148148148148,0.21250000000000002,0.5944444444444444,8.999999999999996,2.0794415416798353,9.0,0.9999999999999996,0.8888888888888888,15.380572041353533,72.0,4.440892098500625e-16,9.120614758428182,2.0721828239804,0.14141414141414138,1.2222222222222223,2.0,8.001321867009315,1.0,1.0,1.0,1.0,8.0,0.0,0.0,84.0,5.5,0.8655013604939206,3.0,2.2222222222222223,0.6580906791828672,0.45,1.0
qnn_indep_none_10_s0.qasm,qnn,indep,none,10,0,10.0,12.0,29.0,9.0,0.2,1.0,0.3103448275862069,0.15740740740740738,0.4,0.09788696740969288,1.9329587270371456,3.9021130325903073,0.025085630936916604,16.499999999999996,8.881784197001252e-16,19.6,2.421309711843047,0.09788696740969288,1.9329587270371456,0.0,1.0,1.0,3.1051803423299846,0.2,9.0,0.0,1.0,2.0,0.16,-0.12499999999999775,0.0,0.0,1.0974088280586503,3.0,1.2,0.0,0.8333333333333334,1.0
qnn_indep_none_11_s0.qasm,qnn,indep,none,11,0,11.0,13.0,32.0,10.0,0.18181818181818182,1.0,0.3125,0.14615384615384616,0.3706293706293706,0.08101405277100515,2.034112907263251,3.9189859472289945,0.020672197824104965,20.000000000000007,0.0,21.636363636363633,2.611410739104783,0.08101405277100515,2.034112907263251,0.0,1.0,1.0,3.202454853151658,0.18181818181818182,10.0,0.0,1.0,2.0,0.14876033057851237,-0.11111111111111192,0.0,0.0,1.0976250611902076,3.0,1.1818181818181819,0.0,0.8461538461538461,1.0
qnn_indep_none_12_s0.qasm,qnn,indep,none,12,0,12.0,14.0,35.0,11.0,0.16666666666666666,1.0,0.3142857142857143,0.13636363636363635,0.34523809523809523,0.06814834742186346,2.1259701193677225,3.931851652578137,0.017332380120999278,23.83333333333333,-4.440892098500626e-16,23.666666666666664,2.786362912295246,0.06814834742186346,2.1259701193677225,0.0,1.0,1.0,3.2911002302538686,0.16666666666666666,11.0,0.0,1.0,2.0,0.13888888888888887,-0.10000000000000504,0.0,0.0,1.0977878444695828,3.0,1.1666666666666667,0.0,0.8571428571428571,1.0
qnn_indep_none_3_s0.qasm,qnn,indep,none,3,0,3.0,5.0,8.0,2.0,0.6666666666666666,1.0,0.25,0.30000000000000004,0.8666666666666667,0.9999999999999997,0.5623351446188083,3.0,0.3333333333333332,1.3333333333333337,-4.440892098500626e-16,4.666666666666667,0.36620409622270317,0.9999999999999997,0.5623351446188083,0.0,1.0,1.0,1.8494570055365827,0.6666666666666666,2.0,0.0,1.0,2.0,0.2222222222222222,-1.0,0.0,0.0,1.0821955300387671,3.0,1.6666666666666667,0.0,0.6,1.0
qnn_indep_none_4_s0.qasm,qnn,indep,none,4,0,4.0,6.0,11.0,3.0,0.5,1.0,0.2727272727272727,0.27777777777777773,0.75,0.585786437626905,0.9141778554279378,3.4142135623730945,0.17157287525380993,2.5,-4.440892098500626e-16,6.999999999999997,0.7630691209796603,0.585786437626905,0.9141778554279378,0.0,1.0,1.0,2.1559086920711485,0.5,3.0,0.0,1.0,2.0,0.25,-0.4999999999999988,0.0,0.0,1.0900596587107838,3.0,1.5,3.960290235698816e-17,0.6666666666666666,1.0
qnn_indep_none_5_s0.qasm,qnn,indep,none,5,0,5.0,7.0,14.0,4.0,0.4,1.0,0.2857142857142857,0.25,0.6571428571428571,0.3819660112501052,1.1729838118904259,3.6180339887498953,0.10557280900008412,3.9999999999999996,2.220446049250313e-16,9.200000000000003,1.1247682922315043,0.3819660112501052,1.1729838118904259,0.0,1.0,1.0,2.3901669543082593,0.4,4.0,0.0,1.0,2.0,0.24,-0.3333333333333333,0.0,0.0,1.0933747175566468,3.0,1.4,0.0,0.7142857142857143,1.0
qnn_indep_none_6_s0.qasm,qnn,indep,none,6,0,6.0,8.0,17.0,5.0,0.3333333333333333,1.0,0.29411764705882354,0.225,0.5833333333333334,0.2679491924311227,1.378164372501056,3.7320508075688767,0.07179676972449084,5.833333333333333,0.0,11.333333333333332,1.4455645812251086,0.2679491924311227,1.378164372501056,0.0,1.0,1.0,2.579830499327949,0.3333333333333333,5.0,0.0,1.0,2.0,0.2222222222222222,-0.250000000000004,0.0,0.0,1.0950778621205006,3.0,1.3333333333333333,0.0,0.75,1.0
qnn_indep_none_7_s0.qasm,qnn,indep,none,7,0,7.0,9.0,20.0,6.0,0.2857142857142857,1.0,0.3,0.20370370370370372,0.5238095238095238,0.19806226419516176,1.5482623649637581,3.801937735804839,0.05209508360168703,7.999999999999998,2.220446049250313e-16,13.428571428571429,1.7301700529675506,0.19806226419516176,1.5482623649637581,0.0,1.0,1.0,2.739192650176053,0.2857142857142857,6.0,0.0,1.0,2.0,0.20408163265306126,-0.19999999999999687,0.0,0.0,1.0960673284468554,3.0,1.2857142857142858,0.0,0.7777777777777778,1.0
qnn_indep_none_8_s0.qasm,qnn,indep,none,8,0,8.0,10.0,23.0,7.0,0.25,1.0,0.30434782608695654,0.1857142857142857,0.475,0.1522409349774265,1.693569178721476,3.8477590650225735,0.03956612989658004,10.499999999999998,4.440892098500626e-16,15.5,1.9844184338755935,0.1522409349774265,1.693569178721476,0.0,1.0,1.0,2.876614899748463,0.25,7.0,0.0,1.0,2.0,0.1875,-0.16666666666667096,0.0,0.0,1.096692663308951,3.0,1.25,0.0,0.8,1.0
qnn_indep_none_9_s0.qasm,qnn,indep,none,9,0,9.0,11.0,26.0,8.0,0.2222222222222222,1.0,0.3076923076923077,0.17045454545454547,0.43434343434343436,0.12061475842818312,1.8204105224212266,3.8793852415718173,0.031091204125763345,13.333333333333341,-4.440892098500626e-16,17.55555555555556,2.213415782253626,0.12061475842818312,1.8204105224212266,0.0,1.0,1.0,2.9974137257344693,0.2222222222222222,8.0,0.0,1.0,2.0,0.1728395061728395,-0.14285714285714285,0.0,0.0,1.0971128947333808,3.0,1.2222222222222223,0.0,0.8181818181818182,1.0
qpeexact_indep_none_10_s0.qasm,qpeexact,indep,none,10,0,10.0,24.0,60.0,43.0,0.9555555555555556,0.4883720930232558,0.7166666666666667,0.16666666666666666,0.4666666666666667,7.0,2.1918199852186664,10.000000000000002,0.6999999999999998,0.953968253968254,17.958645284355807,90.39999999999998,0.3444969248491568,7.0,2.1918199852186664,0.0,1.0,1.0,8.64290045990668,0.9555555555555556,2.0,0.961111111111111,1.0,9.0,0.44000000000000006,-0.2524271844660605,105.0,0.0,0.6594608200444394,3.0,2.4,0.8208214523260697,0.375,1.0
qpeexact_indep_none_11_s0.qasm,qpeexact,indep,none,11,0,11.0,31.0,76.0,55.0,1.0,0.4909090909090909,0.7236842105263158,0.14516129032258066,0.41348973607038125,10.999999999999995,2.3025850929940455,11.000000000000002,0.9999999999999993,0.9090909090909092,21.581057455185338,109.99999999999999,2.220446049250312e-16,10.999999999999995,2.3025850929940455,0.0,1.0,1.0,10.000212394380382,1.0,1.0,1.0,1.0,10.0,0.0,0.0,165.0,0.0,0.6423389895117821,3.0,2.8181818181818183,0.999999999999999,0.3548387096774194,1.0
qpeexact_indep_none_12_s0.qasm,qpeexact,indep,none,12,0,12.0,32.0,86.0,65.0,0.9848484848484849,0.4461538461538462,0.7558139534883721,0.1534090909090909,0.421875,10.000000000000002,2.396652535805579,12.00000000000001,0.8333333333333327,0.9333333333333333,24.666744941086048,131.66666666666663,0.15193463066162985,10.000000000000002,2.396652535805579,0.0,1.0,1.0,10.844395497190215,0.9848484848484849,2.0,0.9848484848484849,1.0,11.0,0.13888888888888887,-0.18181818181819143,210.0,0.0,0.6026052263198306,3.0,2.6666666666666665,0.9009804864072151,0.375,1.0
qpeexact_indep_none_3_s0.qasm,qpeexact,indep,none,3,0,3.0,5.0,5.0,2.0,0.6666666666666666,1.0,0.4,0.0,0.6,1.0,0.5623351446188083,3.0,0.3333333333333333,1.3333333333333333,0.0,4.666666666666667,0.3662040962227032,1.0,0.5623351446188083,0.0,1.0,1.0,1.8494570055365827,0.6666666666666666,2.0,0.0,1.0,2.0,0.2222222222222222,-1.0,0.0,0.0,1.0549201679861442,3.0,1.6666666666666667,0.0,0.6,1.0
qpeexact_indep_none_4_s0.qasm,qpeexact,indep,none,4,0,4.0,6.0,9.0,4.0,0.6666666666666666,0.75,0.4444444444444444,0.16666666666666666,0.6666666666666666,1.0000000000000002,0.9743147528693494,4.0,0.25000000000000006,1.583333333333333,1.0986122886681102,10.0,0.5623351446188083,1.0000000000000002,0.9743147528693494,0.0,1.0,1.0,2.4612305147503055,0.6666666666666666,2.0,0.5833333333333334,1.0,3.0,0.5,-0.7142857142857143,1.0,0.0,0.9649629230074277,3.0,1.5,0.5857864376269052,0.5,1.0
qpeexact_indep_none_5_s0.qasm,qpeexact,indep,none,5,0,5.0,13.0,19.0,10.0,1.0,0.9,0.5263157894736842,0.11538461538461536,0.5076923076923077,4.9999999999999964,1.3862943611198906,5.000000000000001,0.9999999999999991,0.8000000000000002,4.828313737302301,19.999999999999993,6.661338147750935e-16,4.9999999999999964,1.3862943611198906,0.0,1.0,1.0,4.044272763571976,1.0,1.0,1.0,1.0,4.0,0.0,0.0,10.0,0.0,0.8569977547780645,3.0,2.6,1.0,0.38461538461538464,1.0
qpeexact_indep_none_6_s0.qasm,qpeexact,indep,none,6,0,6.0,14.0,23.0,14.0,0.9333333333333333,0.7857142857142857,0.6086956521739131,0.12857142857142856,0.5,3.9999999999999996,1.5983686278197435,6.0000000000000036,0.6666666666666662,0.9166666666666665,6.761572768804056,29.33333333333334,0.27031007207210894,3.9999999999999996,1.5983686278197435,0.0,1.0,1.0,4.730966310057835,0.9333333333333333,2.0,0.9333333333333332,1.0,5.0,0.22222222222222224,-0.3999999999999776,16.0,0.0,0.8058274790573101,3.0,2.3333333333333335,0.7639320225002103,0.42857142857142855,1.0
qpeexact_indep_none_7_s0.qasm,qpeexact,indep,none,7,0,7.0,15.0,30.0,19.0,0.9047619047619048,0.631578947368421,0.6333333333333333,0.16666666666666666,0.5238095238095238,3.9999999999999973,1.7749225167422629,7.0,0.5714285714285711,0.9880952380952386,9.015784277513884,41.71428571428569,0.4519096043864649,3.9999999999999973,1.7749225167422629,0.0,1.0,1.0,5.5198395607194755,0.9047619047619048,2.0,0.9238095238095239,1.0,6.0,0.5306122448979592,-0.3734939759036112,26.0,0.0,0.7688576638587279,3.0,2.142857142857143,0.6338322203185344,0.4,1.0
qpeexact_indep_none_8_s0.qasm,qpeexact,indep,none,8,0,8.0,22.0,43.0,28.0,1.0,0.6428571428571429,0.6511627906976745,0.13636363636363638,0.4431818181818182,7.999999999999994,1.9459101490553135,8.000000000000004,0.9999999999999988,0.8750000000000002,12.476649250079015,55.99999999999997,1.3322676295501875e-15,7.999999999999994,1.9459101490553135,0.0,1.0,1.0,7.003254817690259,1.0,1.0,1.0,1.0,7.0,0.0,0.0,56.0,0.0,0.7321645598907873,3.0,2.75,0.9999999999999994,0.36363636363636365,1.0
qpeexact_indep_none_9_s0.qasm,qpeexact,indep,none,9,0,9.0,23.0,50.0,35.0,0.9722222222222222,0.5714285714285714,0.7,0.1467391304347826,0.4492753623188406,7.000000000000002,2.07640210754123,9.000000000000009,0.7777777777777772,0.9206349206349205,15.12925761307263,71.55555555555557,0.195466777551815,7.000000000000002,2.07640210754123,0.0,1.0,1.0,7.7976292714546105,0.9722222222222222,2.0,0.9722222222222222,1.0,8.0,0.1728395061728395,-0.2500000000000916,77.0,0.0,0.6843433100932841,3.0,2.5555555555555554,0.8170428655877541,0.391304347826087,1.0
qpeinexact_indep_none_10_s0.qasm,qpeinexact,indep,none,10,0,10.0,28.0,64.0,45.0,1.0,0.5333333333333333,0.703125,0.14285714285714285,0.42142857142857143,9.999999999999993,2.1972245773362196,10.00000000000001,0.9999999999999982,0.8999999999999999,18.420680743952367,90.0,-6.66133814775095e-16,9.999999999999993,2.1972245773362196,0.0,1.0,1.0,9.00053186770524,1.0,1.0,1.0,1.0,9.0,0.0,0.0,120.0,0.0,0.6694064633316195,3.0,2.8,0.9999999999999994,0.35714285714285715,1.0
qpeinexact_indep_none_11_s0.qasm,qpeinexact,indep,none,11,0,11.0,31.0,76.0,55.0,1.0,0.4909090909090909,0.7236842105263158,0.14516129032258066,0.41348973607038125,10.999999999999995,2.3025850929940455,11.000000000000002,0.9999999999999993,0.9090909090909092,21.581057455185338,109.99999999999999,2.220446049250312e-16,10.999999999999995,2.3025850929940455,0.0,1.0,1.0,10.000212394380382,1.0,1.0,1.0,1.0,10.0,0.0,0.0,165.0,0.0,0.6423389895117821,3.0,2.8181818181818183,0.999999999999999,0.3548387096774194,1.0
qpeinexact_indep_none_12_s0.qasm,qpeinexact,indep,none,12,0,12.0,34.0,89.0,66.0,1.0,0.45454545454545453,0.7415730337078652,0.14705882352941177,0.4068627450980392,11.999999999999991,2.3978952727983707,12.000000000000004,0.999999999999999,0.9166666666666665,24.849066497880003,131.99999999999991,1.3322676295501875e-15,11.999999999999991,2.3978952727983707,0.0,1.0,1.0,11.000084284484638,1.0,1.0,1.0,1.0,11.0,0.0,0.0,220.0,0.0,0.6176234826801507,3.0,2.8333333333333335,0.9999999999999988,0.35294117647058826,1.0
qpeinexact_indep_none_3_s0.qasm,qpeinexact,indep,none,3,0,3.0,7.0,8.0,3.0,1.0,1.0,0.375,0.0714285714285714,0.6190476190476191,3.0,0.6931471805599453,3.0,1.0,0.6666666666666666,1.0986122886681098,6.0,-0.0,3.0,0.6931471805599453,0.0,1.0,1.0,2.2109976232381756,1.0,1.0,1.0,1.0,2.0,0.0,0.0,1.0,0.0,0.9743147528693494,3.0,2.3333333333333335,0.9999999999999997,0.42857142857142855,1.0
qpeinexact_indep_none_4_s0.qasm,qpeinexact,indep,none,4,0,4.0,10.0,13.0,6.0,1.0,1.0,0.46153846153846156,0.10000000000000002,0.55,3.9999999999999964,1.0986122886681096,4.0,0.9999999999999991,0.7500000000000002,2.77258872223978,11.999999999999993,8.881784197001248e-16,3.9999999999999964,1.0986122886681096,0.0,1.0,1.0,3.099604568462055,1.0,1.0,1.0,1.0,3.0,0.0,0.0,4.0,0.0,0.9110175397125628,3.0,2.5,1.0,0.4,1.0
qpeinexact_indep_none_5_s0.qasm,qpeinexact,indep,none,5,0,5.0,13.0,19.0,10.0,1.0,0.9,0.5263157894736842,0.11538461538461536,0.5076923076923077,4.9999999999999964,1.3862943611198906,5.000000000000001,0.9999999999999991,0.8000000000000002,4.828313737302301,19.999999999999993,6.661338147750935e-16,4.9999999999999964,1.3862943611198906,0.0,1.0,1.0,4.044272763571976,1.0,1.0,1.0,1.0,4.0,0.0,0.0,10.0,0.0,0.8569977547780645,3.0,2.6,1.0,0.38461538461538464,1.0
qpeinexact_indep_none_6_s0.qasm,qpeinexact,indep,none,6,0,6.0,16.0,26.0,15.0,1.0,0.8,0.5769230769230769,0.125,0.4791666666666667,6.0,1.6094379124341005,6.0,1.0,0.8333333333333333,7.16703787691222,29.999999999999993,-0.0,6.0,1.6094379124341005,0.0,1.0,1.0,5.018950997980912,1.0,1.0,1.0,1.0,5.0,0.0,0.0,20.0,0.0,0.8101502323878818,3.0,2.6666666666666665,0.9999999999999998,0.375,1.0
qpeinexact_indep_none_7_s0.qasm,qpeinexact,indep,none,7,0,7.0,19.0,34.0,21.0,1.0,0.7142857142857143,0.6176470588235294,0.13157894736842105,0.45864661654135336,6.999999999999996,1.791759469228055,7.000000000000001,0.9999999999999992,0.8571428571428572,9.729550745276565,41.999999999999986,7.771561172376092e-16,6.999999999999996,1.791759469228055,0.0,1.0,1.0,6.007918608867486,1.0,1.0,1.0,1.0,6.0,0.0,0.0,35.0,0.0,0.7688943190382823,3.0,2.7142857142857144,0.9999999999999999,0.3684210526315789,1.0
qpeinexact_indep_none_8_s0.qasm,qpeinexact,indep,none,8,0,8.0,22.0,43.0,28.0,1.0,0.6428571428571429,0.6511627906976745,0.13636363636363638,0.4431818181818182,7.999999999999994,1.9459101490553135,8.000000000000004,0.9999999999999988,0.8750000000000002,12.476649250079015,55.99999999999997,1.3322676295501875e-15,7.999999999999994,1.9459101490553135,0.0,1.0,1.0,7.003254817690259,1.0,1.0,1.0,1.0,7.0,0.0,0.0,56.0,0.0,0.7321645598907873,3.0,2.75,0.9999999999999994,0.36363636363636365,1.0
qpeinexact_indep_none_9_s0.qasm,qpeinexact,indep,none,9,0,9.0,25.0,53.0,36.0,1.0,0.5833333333333334,0.6792452830188679,0.14,0.4311111111111111,8.999999999999996,2.0794415416798353,9.0,0.9999999999999996,0.8888888888888888,15.380572041353533,72.0,4.440892098500625e-16,8.999999999999996,2.0794415416798353,0.0,1.0,1.0,8.001321867009315,1.0,1.0,1.0,1.0,8.0,0.0,0.0,84.0,0.0,0.6991956618491697,3.0,2.7777777777777777,0.9999999999999978,0.36,1.0
qwalk_indep_none_10_s0.qasm,qwalk,indep,none,10,0,10.0,4382.0,5795.0,2442.0,0.8,0.8624078624078624,0.42139775668679896,0.03582838886353263,0.20490643541761752,7.999999999999995,2.1932772825737334,10.000000000000009,0.7999999999999987,0.9500000000000002,17.974393641323942,88.39999999999995,0.3570296821027368,264.5007917022601,2.0619957859433313,0.374078624078624,67.83333333333333,180.0,8.62440504310243,0.9555555555555556,2.0,0.9523809523809523,1.0,9.0,0.24,-0.19444444444443684,104.0,60.31172069825436,1.7408731959143544,11.0,438.2,7.999999999999995,0.04313099041533546,1.0
qwalk_indep_none_11_s0.qasm,qwalk,indep,none,11,0,11.0,5871.0,8036.0,3414.0,0.8,0.8333333333333334,0.42483822797411647,0.036876171010049384,0.1910314179092922,7.585786437626908,2.2964471927577033,11.000000000000016,0.6896169488751724,0.9753228487405701,20.954044066593468,110.7272727272728,0.47226935519353225,265.49587151481285,2.1665666933580185,0.3889998402300687,77.5909090909091,204.0,9.508063961007966,0.9454545454545454,2.0,0.9525252525252526,1.0,10.0,0.6115702479338844,-0.242203052422059,140.0,70.51572700296735,1.7284622606498325,10.0,533.7272727272727,7.585786437626908,0.038153636518480666,1.0
qwalk_indep_none_12_s0.qasm,qwalk,indep,none,12,0,12.0,7257.0,9782.0,4086.0,0.7575757575757576,0.8519334312285854,0.4177059905949704,0.03163090182519699,0.1738551283817923,9.000000000000005,2.39338052013019,12.000000000000018,0.7499999999999993,0.985353535353535,24.10972993485069,128.66666666666677,0.5993912445692501,282.65228553282117,2.2514086831552813,0.4087812041116006,81.72,240.0,10.366473356962489,0.9393939393939394,2.0,0.9354377104377104,1.0,11.0,0.3888888888888889,-0.15051546391756204,181.0,82.70887016848364,1.8036392958343401,10.0,604.75,9.000000000000005,0.04395755821964999,1.0
qwalk_indep_none_3_s0.qasm,qwalk,indep,none,3,0,3.0,20.0,25.0,6.0,0.3333333333333333,1.0,0.24,0.125,0.7666666666666667,3.0,0.6931471805599453,3.0,1.0,0.6666666666666666,1.0986122886681098,6.0,-0.0,0.0,-0.0,0.0,6.0,6.0,2.2109976232381756,1.0,1.0,1.0,1.0,2.0,0.0,0.0,1.0,3.0,1.3823454679963205,5.0,6.666666666666667,3.0,0.1,1.0
qwalk_indep_none_4_s0.qasm,qwalk,indep,none,4,0,4.0,170.0,190.0,90.0,1.0,1.0,0.47368421052631576,0.03921568627450981,0.43529411764705883,3.9999999999999964,1.0986122886681096,4.0,0.9999999999999991,0.7500000000000002,2.77258872223978,11.999999999999993,8.881784197001248e-16,47.99999999999997,1.0790942514190172,0.14444444444444438,15.0,24.0,3.099604568462055,1.0,1.0,1.0,1.0,3.0,0.0,0.0,4.0,10.654761904761905,1.188485533705704,7.0,42.5,3.9999999999999964,0.07058823529411765,1.0
qwalk_indep_none_5_s0.qasm,qwalk,indep,none,5,0,5.0,404.0,453.0,252.0,1.0,0.9761904761904762,0.5562913907284768,0.03032178217821785,0.3574257425742574,4.9999999999999964,1.3862943611198906,5.000000000000001,0.9999999999999991,0.8000000000000002,4.828313737302301,19.999999999999993,6.661338147750935e-16,64.11838434299732,1.3275973923861848,0.280952380952381,25.2,48.0,4.044272763571976,1.0,1.0,1.0,1.0,4.0,0.0,0.0,10.0,14.90495867768595,1.6552986873637323,9.0,80.8,4.9999999999999964,0.019801980198019802,1.0
qwalk_indep_none_6_s0.qasm,qwalk,indep,none,6,0,6.0,242.0,283.0,84.0,0.4,1.0,0.2968197879858657,0.033884297520661154,0.35192837465564736,6.0,1.6094379124341005,6.0,1.0,0.8333333333333333,7.16703787691222,29.999999999999993,-0.0,0.0,1.0589929165968435,0.21428571428571427,14.0,24.0,5.018950997980912,1.0,1.0,1.0,1.0,5.0,0.0,0.0,20.0,16.064102564102566,1.8811937633219238,9.0,40.333333333333336,6.0,0.008264462809917356,1.0
qwalk_indep_none_7_s0.qasm,qwalk,indep,none,7,0,7.0,1731.0,2300.0,990.0,0.8571428571428571,0.8737373737373737,0.43043478260869567,0.054785287887540925,0.28497152760584304,4.999999999999999,1.7850283346362747,7.000000000000002,0.714285714285714,0.9142857142857144,9.393078508655353,41.42857142857143,0.24033731187229546,172.23828236666435,1.651278047693502,0.3929292929292929,55.0,144.0,5.7532934583233075,0.9523809523809523,2.0,0.9523809523809524,1.0,6.0,0.20408163265306123,-0.3333333333333333,30.0,29.484567901234566,1.6243155802494722,10.0,247.28571428571428,4.999999999999999,0.0317735413056037,1.0
qwalk_indep_none_8_s0.qasm,qwalk,indep,none,8,0,8.0,2211.0,3170.0,1326.0,0.8214285714285714,0.7880844645550528,0.41829652996845423,0.061962912709181354,0.27431026684758025,5.999999999999998,1.9381903474673872,8.0,0.7499999999999998,0.9583333333333335,11.901285105175454,53.99999999999999,0.43152310867767196,166.37393481352942,1.8056659126906947,0.3714341924060594,57.65217391304348,144.0,6.537600809742093,0.9285714285714286,2.0,0.9190476190476191,1.0,7.0,0.25,-0.23809523809527317,44.0,35.82655410590944,1.673901120081589,10.0,276.375,5.999999999999998,0.03211216644052465,1.0
qwalk_indep_none_9_s0.qasm,qwalk,indep,none,9,0,9.0,3350.0,4529.0,1962.0,0.8333333333333334,0.8348623853211009,0.43320821373371604,0.04399253731343283,0.2303150912106136,6.999999999999997,2.0764021075412304,9.000000000000012,0.7777777777777765,0.9206349206349205,15.12925761307263,71.5555555555556,0.19546677755181452,216.54682322993864,1.9450299456557734,0.39398572884811417,65.4,168.0,7.797629271454613,0.9722222222222222,2.0,0.9722222222222222,1.0,8.0,0.1728395061728395,-0.2500000000000916,77.0,47.53674948240165,1.6514278962624271,11.0,372.22222222222223,6.999999999999997,0.03671641791044776,1.0
randomcircuit_indep_none_10_s0.qasm,randomcircuit,indep,none,10,0,10.0,21.0,76.0,7.0,0.13333333333333333,0.2857142857142857,0.09210526315789473,0.291005291005291,0.9476190476190476,9.999999999999993,2.1972245773362196,10.00000000000001,0.9999999999999982,0.8999999999999999,18.420680743952367,90.0,-6.66133814775095e-16,0.0,1.5022600019555554,0.11904761904761907,1.1666666666666667,2.0,9.000531867705241,1.0,1.0,1.0,1.0,9.0,0.0,0.0,120.0,4.0,2.713545840214352,24.0,2.1,7.000000000000003,0.09523809523809523,1.0
randomcircuit_indep_none_11_s0.qasm,randomcircuit,indep,none,11,0,11.0,23.0,88.0,15.0,0.2727272727272727,0.06666666666666667,0.17045454545454544,0.28260869565217395,0.9051383399209486,10.999999999999995,2.3025850929940455,11.000000000000002,0.9999999999999993,0.9090909090909092,21.581057455185338,109.99999999999999,2.220446049250312e-16,0.28795307559193634,2.0817610560917243,0.0,1.0,1.0,10.000212394380382,1.0,1.0,1.0,1.0,10.0,0.0,0.0,165.0,0.0,2.9868260442975796,31.0,2.090909090909091,8.000000000000002,0.08695652173913043,1.0
randomcircuit_indep_none_12_s0.qasm,randomcircuit,indep,none,12,0,12.0,25.0,106.0,18.0,0.22727272727272727,0.05555555555555555,0.16981132075471697,0.29454545454545455,0.9266666666666666,11.999999999999991,2.3978952727983707,12.000000000000004,0.999999999999999,0.9166666666666665,24.849066497880003,131.99999999999991,1.3322676295501875e-15,0.334996221901301,2.182309810588725,0.13333333333333333,1.2,2.0,11.000084284484638,1.0,1.0,1.0,1.0,11.0,0.0,0.0,220.0,12.333333333333334,2.860670904495795,30.0,2.0833333333333335,8.585786437626904,0.08,1.0
randomcircuit_indep_none_3_s0.qasm,randomcircuit,indep,none,3,0,3.0,7.0,7.0,2.0,0.6666666666666666,1.0,0.2857142857142857,0.0,0.8571428571428571,3.0,0.6931471805599453,3.0,1.0,0.6666666666666666,1.0986122886681098,6.0,-0.0,0.9999999999999997,0.5623351446188083,0.0,1.0,1.0,2.2109976232381756,1.0,1.0,1.0,1.0,2.0,0.0,0.0,1.0,0.0,1.7478680974667573,6.0,2.3333333333333335,3.0,0.2857142857142857,1.0
randomcircuit_indep_none_4_s0.qasm,randomcircuit,indep,none,4,0,4.0,9.0,12.0,2.0,0.3333333333333333,0.5,0.16666666666666666,0.11111111111111109,0.9166666666666666,3.9999999999999964,1.0986122886681096,4.0,0.9999999999999991,0.7500000000000002,2.77258872223978,11.999999999999993,8.881784197001248e-16,0.0,0.6931471805599453,0.0,1.0,1.0,3.099604568462055,1.0,1.0,1.0,1.0,3.0,0.0,0.0,4.0,0.0,2.1383330595080277,9.0,2.25,3.9999999999999964,0.2222222222222222,1.0
randomcircuit_indep_none_5_s0.qasm,randomcircuit,indep,none,5,0,5.0,11.0,19.0,8.0,0.8,0.375,0.42105263157894735,0.18181818181818182,0.8181818181818182,4.9999999999999964,1.3862943611198906,5.000000000000001,0.9999999999999991,0.8000000000000002,4.828313737302301,19.999999999999993,6.661338147750935e-16,2.9999999999999973,1.3547104187179273,0.0,1.0,1.0,4.044272763571976,1.0,1.0,1.0,1.0,4.0,0.0,0.0,10.0,0.0,2.5520852976209665,14.0,2.2,2.9999999999999996,0.18181818181818182,1.0
randomcircuit_indep_none_6_s0.qasm,randomcircuit,indep,none,6,0,6.0,13.0,25.0,7.0,0.4666666666666667,0.7142857142857143,0.28,0.18461538461538463,0.8589743589743589,6.0,1.6094379124341005,6.0,1.0,0.8333333333333333,7.16703787691222,29.999999999999993,-0.0,0.6313506281127614,1.4283956162619305,0.0,1.0,1.0,5.018950997980912,1.0,1.0,1.0,1.0,5.0,0.0,0.0,20.0,0.0,2.464197111004969,15.0,2.1666666666666665,3.9999999999999996,0.23076923076923078,1.0
randomcircuit_indep_none_7_s0.qasm,randomcircuit,indep,none,7,0,7.0,15.0,39.0,9.0,0.42857142857142855,0.4444444444444444,0.23076923076923078,0.26666666666666666,0.9523809523809523,6.999999999999996,1.791759469228055,7.000000000000001,0.9999999999999992,0.8571428571428572,9.729550745276565,41.999999999999986,7.771561172376092e-16,0.6765957239135231,1.651997660380503,0.0,1.0,1.0,6.007918608867486,1.0,1.0,1.0,1.0,6.0,0.0,0.0,35.0,0.0,2.895425165731186,23.0,2.142857142857143,4.999999999999999,0.13333333333333333,1.0
randomcircuit_indep_none_8_s0.qasm,randomcircuit,indep,none,8,0,8.0,17.0,45.0,9.0,0.2857142857142857,0.3333333333333333,0.2,0.23529411764705882,0.8897058823529411,6.000000000000001,1.941507179601303,8.000000000000002,0.75,0.9166666666666667,12.188967177627234,55.499999999999986,0.2157615543388364,7.655577415525415e-16,1.5736699689761409,0.09722222222222232,1.125,2.0,6.776583712409361,0.9642857142857143,2.0,0.9642857142857142,1.0,7.0,0.1875,-0.28571428571428276,50.0,1.0,2.7721594311775686,22.0,2.125,3.829913513373968,0.11764705882352941,1.0
randomcircuit_indep_none_9_s0.qasm,randomcircuit,indep,none,9,0,9.0,19.0,56.0,9.0,0.25,0.2222222222222222,0.16071428571428573,0.24342105263157893,0.8830409356725146,8.999999999999996,2.0794415416798353,9.0,0.9999999999999996,0.8888888888888888,15.380572041353533,72.0,4.440892098500625e-16,0.0,1.7711280728798677,0.0,1.0,1.0,8.001321867009315,1.0,1.0,1.0,1.0,8.0,0.0,0.0,84.0,0.0,2.7439479822343005,22.0,2.111111111111111,5.585786437626905,0.15789473684210525,1.0
vqe_real_amp_indep_none_10_s0.qasm,vqe_real_amp,indep,none,10,0,10.0,18.0,67.0,27.0,0.2,0.48148148148148145,0.40298507462686567,0.30246913580246915,0.5777777777777777,0.09788696740969288,1.9329587270371456,3.9021130325903073,0.025085630936916604,16.499999999999996,8.881784197001252e-16,19.6,2.421309711843047,0.29366090222907887,1.9329587270371456,0.0,3.0,3.0,3.1051803423299846,0.2,9.0,0.0,1.0,2.0,0.16,-0.12499999999999775,0.0,3.0,0.6742034619779163,2.0,1.8,0.0,0.5555555555555556,1.0
vqe_real_amp_indep_none_11_s0.qasm,vqe_real_amp,indep,none,11,0,11.0,19.0,74.0,30.0,0.18181818181818182,0.4666666666666667,0.40540540540540543,0.2894736842105263,0.5502392344497608,0.08101405277100515,2.034112907263251,3.9189859472289945,0.020672197824104965,20.000000000000007,0.0,21.636363636363633,2.611410739104783,0.24304215831301595,2.034112907263251,0.0,3.0,3.0,3.202454853151658,0.18181818181818182,10.0,0.0,1.0,2.0,0.14876033057851237,-0.11111111111111192,0.0,3.0,0.6751425885789244,2.0,1.7272727272727273,0.0,0.5789473684210527,1.0
vqe_real_amp_indep_none_12_s0.qasm,vqe_real_amp,indep,none,12,0,12.0,20.0,81.0,33.0,0.16666666666666666,0.45454545454545453,0.4074074074074074,0.2772727272727273,0.525,0.06814834742186346,2.1259701193677225,3.931851652578137,0.017332380120999278,23.83333333333333,-4.440892098500626e-16,23.666666666666664,2.786362912295246,0.20444504226559032,2.1259701193677225,0.0,3.0,3.0,3.2911002302538686,0.16666666666666666,11.0,0.0,1.0,2.0,0.13888888888888887,-0.10000000000000504,0.0,3.0,0.6759010305740114,2.0,1.6666666666666667,0.0,0.6,1.0
vqe_real_amp_indep_none_3_s0.qasm,vqe_real_amp,indep,none,3,0,3.0,11.0,18.0,6.0,0.6666666666666666,1.0,0.3333333333333333,0.31818181818181823,0.8181818181818182,0.9999999999999997,0.5623351446188083,3.0,0.3333333333333332,1.3333333333333337,-4.440892098500626e-16,4.666666666666667,0.36620409622270317,2.999999999999999,0.5623351446188083,0.0,3.0,3.0,1.8494570055365827,0.6666666666666666,2.0,0.0,1.0,2.0,0.2222222222222222,-1.0,0.0,3.0,0.6365141682948128,2.0,3.6666666666666665,0.9999999999999997,0.2727272727272727,1.0
vqe_real_amp_indep_none_4_s0.qasm,vqe_real_amp,indep,none,4,0,4.0,12.0,25.0,9.0,0.5,0.7777777777777778,0.36,0.36111111111111116,0.7916666666666666,0.585786437626905,0.9141778554279378,3.4142135623730945,0.17157287525380993,2.5,-4.440892098500626e-16,6.999999999999997,0.7630691209796603,1.757359312880715,0.9141778554279378,0.0,3.0,3.0,2.1559086920711485,0.5,3.0,0.0,1.0,2.0,0.25,-0.4999999999999988,0.0,3.0,0.6534181947937018,2.0,3.0,0.585786437626905,0.3333333333333333,1.0
vqe_real_amp_indep_none_5_s0.qasm,vqe_real_amp,indep,none,5,0,5.0,13.0,32.0,12.0,0.4,0.6666666666666666,0.375,0.3653846153846154,0.7538461538461538,0.3819660112501052,1.1729838118904259,3.6180339887498953,0.10557280900008412,3.9999999999999996,2.220446049250313e-16,9.200000000000003,1.1247682922315043,1.1458980337503155,1.1729838118904259,0.0,3.0,3.0,2.3901669543082593,0.4,4.0,0.0,1.0,2.0,0.24,-0.3333333333333333,0.0,3.0,0.6615632381579821,2.0,2.6,0.3819660112501052,0.38461538461538464,1.0
vqe_real_amp_indep_none_6_s0.qasm,vqe_real_amp,indep,none,6,0,6.0,14.0,39.0,15.0,0.3333333333333333,0.6,0.38461538461538464,0.3571428571428571,0.7142857142857143,0.2679491924311227,1.378164372501056,3.7320508075688767,0.07179676972449084,5.833333333333333,0.0,11.333333333333332,1.4455645812251086,0.8038475772933681,1.378164372501056,0.0,3.0,3.0,2.579830499327949,0.3333333333333333,5.0,0.0,1.0,2.0,0.2222222222222222,-0.250000000000004,0.0,3.0,0.666278442414676,2.0,2.3333333333333335,0.2679491924311227,0.42857142857142855,1.0
vqe_real_amp_indep_none_7_s0.qasm,vqe_real_amp,indep,none,7,0,7.0,15.0,46.0,18.0,0.2857142857142857,0.5555555555555556,0.391304347826087,0.3444444444444445,0.6761904761904762,0.19806226419516176,1.5482623649637581,3.801937735804839,0.05209508360168703,7.999999999999998,2.220446049250313e-16,13.428571428571429,1.7301700529675506,0.5941867925854853,1.548262364963758,0.0,3.0,3.0,2.739192650176053,0.2857142857142857,6.0,0.0,1.0,2.0,0.20408163265306126,-0.19999999999999687,0.0,3.0,0.6693279632926454,2.0,2.142857142857143,0.19806226419516176,0.4666666666666667,1.0
vqe_real_amp_indep_none_8_s0.qasm,vqe_real_amp,indep,none,8,0,8.0,16.0,53.0,21.0,0.25,0.5238095238095238,0.39622641509433965,0.33035714285714285,0.640625,0.1522409349774265,1.693569178721476,3.8477590650225735,0.03956612989658004,10.499999999999998,4.440892098500626e-16,15.5,1.9844184338755935,0.45672280493227974,1.6935691787214762,0.0,3.0,3.0,2.876614899748463,0.25,7.0,0.0,1.0,2.0,0.1875,-0.16666666666667096,0.0,3.0,0.6714519120090439,2.0,2.0,0.1522409349774265,0.5,1.0
vqe_real_amp_indep_none_9_s0.qasm,vqe_real_amp,indep,none,9,0,9.0,17.0,60.0,24.0,0.2222222222222222,0.5,0.4,0.3161764705882353,0.6078431372549019,0.12061475842818312,1.8204105224212266,3.8793852415718173,0.031091204125763345,13.333333333333341,-4.440892098500626e-16,17.55555555555556,2.213415782253626,0.36184427528454993,1.8204105224212266,0.0,3.0,3.0,2.9974137257344693,0.2222222222222222,8.0,0.0,1.0,2.0,0.1728395061728395,-0.14285714285714285,0.0,3.0,0.6730116670092565,2.0,1.8888888888888888,0.0,0.5294117647058824,1.0
vqe_su2_indep_none_10_s0.qasm,vqe_su2,indep,none,10,0,10.0,18.0,67.0,27.0,0.2,0.48148148148148145,0.40298507462686567,0.30246913580246915,0.5777777777777777,0.09788696740969288,1.9329587270371456,3.9021130325903073,0.025085630936916604,16.499999999999996,8.881784197001252e-16,19.6,2.421309711843047,0.29366090222907887,1.9329587270371456,0.0,3.0,3.0,3.1051803423299846,0.2,9.0,0.0,1.0,2.0,0.16,-0.12499999999999775,0.0,3.0,0.6742034619779163,2.0,1.8,0.0,0.5555555555555556,1.0
vqe_su2_indep_none_11_s0.qasm,vqe_su2,indep,none,11,0,11.0,19.0,74.0,30.0,0.18181818181818182,0.4666666666666667,0.40540540540540543,0.2894736842105263,0.5502392344497608,0.08101405277100515,2.034112907263251,3.9189859472289945,0.020672197824104965,20.000000000000007,0.0,21.636363636363633,2.611410739104783,0.24304215831301595,2.034112907263251,0.0,3.0,3.0,3.202454853151658,0.18181818181818182,10.0,0.0,1.0,2.0,0.14876033057851237,-0.11111111111111192,0.0,3.0,0.6751425885789244,2.0,1.7272727272727273,0.0,0.5789473684210527,1.0
vqe_su2_indep_none_12_s0.qasm,vqe_su2,indep,none,12,0,12.0,20.0,81.0,33.0,0.16666666666666666,0.45454545454545453,0.4074074074074074,0.2772727272727273,0.525,0.06814834742186346,2.1259701193677225,3.931851652578137,0.017332380120999278,23.83333333333333,-4.440892098500626e-16,23.666666666666664,2.786362912295246,0.20444504226559032,2.1259701193677225,0.0,3.0,3.0,3.2911002302538686,0.16666666666666666,11.0,0.0,1.0,2.0,0.13888888888888887,-0.10000000000000504,0.0,3.0,0.6759010305740114,2.0,1.6666666666666667,0.0,0.6,1.0
vqe_su2_indep_none_3_s0.qasm,vqe_su2,indep,none,3,0,3.0,11.0,18.0,6.0,0.6666666666666666,1.0,0.3333333333333333,0.31818181818181823,0.8181818181818182,0.9999999999999997,0.5623351446188083,3.0,0.3333333333333332,1.3333333333333337,-4.440892098500626e-16,4.666666666666667,0.36620409622270317,2.999999999999999,0.5623351446188083,0.0,3.0,3.0,1.8494570055365827,0.6666666666666666,2.0,0.0,1.0,2.0,0.2222222222222222,-1.0,0.0,3.0,0.6365141682948128,2.0,3.6666666666666665,0.9999999999999997,0.2727272727272727,1.0
vqe_su2_indep_none_4_s0.qasm,vqe_su2,indep,none,4,0,4.0,12.0,25.0,9.0,0.5,0.7777777777777778,0.36,0.36111111111111116,0.7916666666666666,0.585786437626905,0.9141778554279378,3.4142135623730945,0.17157287525380993,2.5,-4.440892098500626e-16,6.999999999999997,0.7630691209796603,1.757359312880715,0.9141778554279378,0.0,3.0,3.0,2.1559086920711485,0.5,3.0,0.0,1.0,2.0,0.25,-0.4999999999999988,0.0,3.0,0.6534181947937018,2.0,3.0,0.585786437626905,0.3333333333333333,1.0
vqe_su2_indep_none_5_s0.qasm,vqe_su2,indep,none,5,0,5.0,13.0,32.0,12.0,0.4,0.6666666666666666,0.375,0.3653846153846154,0.7538461538461538,0.3819660112501052,1.1729838118904259,3.6180339887498953,0.10557280900008412,3.9999999999999996,2.220446049250313e-16,9.200000000000003,1.1247682922315043,1.1458980337503155,1.1729838118904259,0.0,3.0,3.0,2.3901669543082593,0.4,4.0,0.0,1.0,2.0,0.24,-0.3333333333333333,0.0,3.0,0.6615632381579821,2.0,2.6,0.3819660112501052,0.38461538461538464,1.0
vqe_su2_indep_none_6_s0.qasm,vqe_su2,indep,none,6,0,6.0,14.0,39.0,15.0,0.3333333333333333,0.6,0.38461538461538464,0.3571428571428571,0.7142857142857143,0.2679491924311227,1.378164372501056,3.7320508075688767,0.07179676972449084,5.833333333333333,0.0,11.333333333333332,1.4455645812251086,0.8038475772933681,1.378164372501056,0.0,3.0,3.0,2.579830499327949,0.3333333333333333,5.0,0.0,1.0,2.0,0.2222222222222222,-0.250000000000004,0.0,3.0,0.666278442414676,2.0,2.3333333333333335,0.2679491924311227,0.42857142857142855,1.0
vqe_su2_indep_none_7_s0.qasm,vqe_su2,indep,none,7,0,7.0,15.0,46.0,18.0,0.2857142857142857,0.5555555555555556,0.391304347826087,0.3444444444444445,0.6761904761904762,0.19806226419516176,1.5482623649637581,3.801937735804839,0.05209508360168703,7.999999999999998,2.220446049250313e-16,13.428571428571429,1.7301700529675506,0.5941867925854853,1.548262364963758,0.0,3.0,3.0,2.739192650176053,0.2857142857142857,6.0,0.0,1.0,2.0,0.20408163265306126,-0.19999999999999687,0.0,3.0,0.6693279632926454,2.0,2.142857142857143,0.19806226419516176,0.4666666666666667,1.0
vqe_su2_indep_none_8_s0.qasm,vqe_su2,indep,none,8,0,8.0,16.0,53.0,21.0,0.25,0.5238095238095238,0.39622641509433965,0.33035714285714285,0.640625,0.1522409349774265,1.693569178721476,3.8477590650225735,0.03956612989658004,10.499999999999998,4.440892098500626e-16,15.5,1.9844184338755935,0.45672280493227974,1.6935691787214762,0.0,3.0,3.0,2.876614899748463,0.25,7.0,0.0,1.0,2.0,0.1875,-0.16666666666667096,0.0,3.0,0.6714519120090439,2.0,2.0,0.1522409349774265,0.5,1.0
vqe_su2_indep_none_9_s0.qasm,vqe_su2,indep,none,9,0,9.0,17.0,60.0,24.0,0.2222222222222222,0.5,0.4,0.3161764705882353,0.6078431372549019,0.12061475842818312,1.8204105224212266,3.8793852415718173,0.031091204125763345,13.333333333333341,-4.440892098500626e-16,17.55555555555556,2.213415782253626,0.36184427528454993,1.8204105224212266,0.0,3.0,3.0,2.9974137257344693,0.2222222222222222,8.0,0.0,1.0,2.0,0.1728395061728395,-0.14285714285714285,0.0,3.0,0.6730116670092565,2.0,1.8888888888888888,0.0,0.5294117647058824,1.0
wstate_indep_none_10_s0.qasm,wstate,indep,none,10,0,10.0,21.0,37.0,18.0,0.2,0.5555555555555556,0.4864864864864865,0.08465608465608465,0.30952380952380953,0.09788696740969288,1.9329587270371456,3.9021130325903073,0.025085630936916604,16.499999999999996,8.881784197001252e-16,19.6,2.421309711843047,0.19577393481938576,1.9329587270371456,0.0,2.0,2.0,3.1051803423299846,0.2,9.0,0.0,1.0,2.0,0.16,-0.12499999999999775,0.0,2.888888888888889,1.1358710468554971,4.0,2.1,0.0,0.8571428571428571,1.0
wstate_indep_none_11_s0.qasm,wstate,indep,none,11,0,11.0,23.0,41.0,20.0,0.18181818181818182,0.55,0.4878048780487805,0.07826086956521738,0.2845849802371542,0.08101405277100515,2.034112907263251,3.9189859472289945,0.020672197824104965,20.000000000000007,0.0,21.636363636363633,2.611410739104783,0.1620281055420103,2.034112907263251,0.0,2.0,2.0,3.202454853151658,0.18181818181818182,10.0,0.0,1.0,2.0,0.14876033057851237,-0.11111111111111192,0.0,2.9,1.1290270098516069,4.0,2.090909090909091,0.0,0.8695652173913043,1.0
wstate_indep_none_12_s0.qasm,wstate,indep,none,12,0,12.0,25.0,45.0,22.0,0.16666666666666666,0.5454545454545454,0.4888888888888889,0.07272727272727274,0.2633333333333333,0.06814834742186346,2.1259701193677225,3.931851652578137,0.017332380120999278,23.83333333333333,-4.440892098500626e-16,23.666666666666664,2.786362912295246,0.13629669484372692,2.1259701193677225,0.0,2.0,2.0,3.2911002302538686,0.16666666666666666,11.0,0.0,1.0,2.0,0.13888888888888887,-0.10000000000000504,0.0,2.909090909090909,1.123181823649273,4.0,2.0833333333333335,0.0,0.88,1.0
wstate_indep_none_3_s0.qasm,wstate,indep,none,3,0,3.0,7.0,9.0,4.0,0.6666666666666666,0.75,0.4444444444444444,0.1428571428571429,0.7619047619047619,0.9999999999999997,0.5623351446188083,3.0,0.3333333333333332,1.3333333333333337,-4.440892098500626e-16,4.666666666666667,0.36620409622270317,1.9999999999999993,0.5623351446188083,0.0,2.0,2.0,1.8494570055365827,0.6666666666666666,2.0,0.0,1.0,2.0,0.2222222222222222,-1.0,0.0,2.5,1.2730283365896256,4.0,2.3333333333333335,0.0,0.5714285714285714,1.0
wstate_indep_none_4_s0.qasm,wstate,indep,none,4,0,4.0,9.0,13.0,6.0,0.5,0.6666666666666666,0.46153846153846156,0.14814814814814814,0.6388888888888888,0.585786437626905,0.9141778554279378,3.4142135623730945,0.17157287525380993,2.5,-4.440892098500626e-16,6.999999999999997,0.7630691209796603,1.17157287525381,0.9141778554279378,0.0,2.0,2.0,2.1559086920711485,0.5,3.0,0.0,1.0,2.0,0.25,-0.4999999999999988,0.0,2.6666666666666665,1.2309316230479221,4.0,2.25,3.960290235698816e-17,0.6666666666666666,1.0
wstate_indep_none_5_s0.qasm,wstate,indep,none,5,0,5.0,11.0,17.0,8.0,0.4,0.625,0.47058823529411764,0.13636363636363635,0.5454545454545454,0.3819660112501052,1.1729838118904259,3.6180339887498953,0.10557280900008412,3.9999999999999996,2.220446049250313e-16,9.200000000000003,1.1247682922315043,0.7639320225002104,1.1729838118904259,0.0,2.0,2.0,2.3901669543082593,0.4,4.0,0.0,1.0,2.0,0.24,-0.3333333333333333,0.0,2.75,1.202278801562227,4.0,2.2,0.0,0.7272727272727273,1.0
wstate_indep_none_6_s0.qasm,wstate,indep,none,6,0,6.0,13.0,21.0,10.0,0.3333333333333333,0.6,0.47619047619047616,0.12307692307692308,0.47435897435897434,0.2679491924311227,1.378164372501056,3.7320508075688767,0.07179676972449084,5.833333333333333,0.0,11.333333333333332,1.4455645812251086,0.5358983848622454,1.378164372501056,0.0,2.0,2.0,2.579830499327949,0.3333333333333333,5.0,0.0,1.0,2.0,0.2222222222222222,-0.250000000000004,0.0,2.8,1.1816543399004964,4.0,2.1666666666666665,0.0,0.7692307692307693,1.0
wstate_indep_none_7_s0.qasm,wstate,indep,none,7,0,7.0,15.0,25.0,12.0,0.2857142857142857,0.5833333333333334,0.48,0.11111111111111112,0.41904761904761906,0.19806226419516176,1.5482623649637581,3.801937735804839,0.05209508360168703,7.999999999999998,2.220446049250313e-16,13.428571428571429,1.7301700529675506,0.3961245283903235,1.5482623649637581,0.0,2.0,2.0,2.739192650176053,0.2857142857142857,6.0,0.0,1.0,2.0,0.20408163265306126,-0.19999999999999687,0.0,2.8333333333333335,1.166076087740494,4.0,2.142857142857143,0.0,0.8,1.0
wstate_indep_none_8_s0.qasm,wstate,indep,none,8,0,8.0,17.0,29.0,14.0,0.25,0.5714285714285714,0.4827586206896552,0.10084033613445377,0.375,0.1522409349774265,1.693569178721476,3.8477590650225735,0.03956612989658004,10.499999999999998,4.440892098500626e-16,15.5,1.9844184338755935,0.304481869954853,1.693569178721476,0.0,2.0,2.0,2.876614899748463,0.25,7.0,0.0,1.0,2.0,0.1875,-0.16666666666667096,0.0,2.857142857142857,1.1538632540765428,4.0,2.125,0.0,0.8235294117647058,1.0
wstate_indep_none_9_s0.qasm,wstate,indep,none,9,0,9.0,19.0,33.0,16.0,0.2222222222222222,0.5625,0.48484848484848486,0.09210526315789475,0.3391812865497076,0.12061475842818312,1.8204105224212266,3.8793852415718173,0.031091204125763345,13.333333333333341,-4.440892098500626e-16,17.55555555555556,2.213415782253626,0.24122951685636623,1.8204105224212266,0.0,2.0,2.0,2.9974137257344693,0.2222222222222222,8.0,0.0,1.0,2.0,0.1728395061728395,-0.14285714285714285,0.0,2.875,1.1440080395660597,4.0,2.111111111111111,0.0,0.8421052631578947,1.0
