file,algo,n,seed_idx,fidelity,noise_impact,fidelity_se,js,tv,kl,chi_square_p,at_floor,pool_factor,transpile_s,sim_s,error,at_floor_chi_only
bv_indep_none_10_s0.qasm,bv,10,0,0.6943359375,0.3056640625,0.0,0.1198,0.30566,0.3648,0.0,False,5.0,0.118,1.417,,False
bv_indep_none_11_s0.qasm,bv,11,0,0.6982421875000001,0.3017578124999999,0.0,0.11806,0.30176,0.35919,0.0,False,10.0,0.079,1.601,,False
bv_indep_none_12_s0.qasm,bv,12,0,0.60546875,0.39453125,0.0,0.16122,0.39453,0.50175,0.0,False,20.0,0.081,1.862,,False
bv_indep_none_3_s0.qasm,bv,3,0,0.953125,0.0468750000000001,0.0,0.01653,0.04688,0.04801,0.0,False,1.0,0.063,0.954,,False
bv_indep_none_4_s0.qasm,bv,4,0,0.927734375,0.072265625,0.0,0.02572,0.07227,0.07501,0.0,False,1.0,0.077,0.981,,False
bv_indep_none_5_s0.qasm,bv,5,0,0.90625,0.0937499999999998,0.0,0.03364,0.09375,0.09844,0.0,False,1.0,0.079,0.816,,False
bv_indep_none_6_s0.qasm,bv,6,0,0.728515625,0.271484375,0.0,0.10479,0.27148,0.31675,0.0,False,1.0,0.078,0.977,,False
bv_indep_none_7_s0.qasm,bv,7,0,0.7236328125,0.2763671875,0.0,0.10691,0.27637,0.32347,0.0,False,1.0,0.079,0.944,,False
bv_indep_none_8_s0.qasm,bv,8,0,0.7324218750000001,0.2675781249999999,0.0,0.10311,0.26758,0.3114,0.0,False,2.0,0.076,0.977,,False
bv_indep_none_9_s0.qasm,bv,9,0,0.6796875,0.3203125,0.0,0.12638,0.32031,0.38612,0.0,False,3.0,0.084,0.971,,False
dj_indep_none_10_s0.qasm,dj,10,0,0.6660156250000001,0.3339843749999999,0.0,0.1326,0.33398,0.40644,0.0,False,5.0,0.088,1.321,,False
dj_indep_none_11_s0.qasm,dj,11,0,0.6552734375,0.3447265625,0.0,0.13755,0.34473,0.4227,0.0,False,10.0,0.087,1.569,,False
dj_indep_none_12_s0.qasm,dj,12,0,0.66796875,0.33203125,0.0,0.13171,0.33203,0.40351,0.0,False,20.0,0.073,3.29,,False
dj_indep_none_3_s0.qasm,dj,3,0,0.9365234375,0.0634765625,0.0,0.02252,0.06348,0.06558,0.0,False,1.0,0.076,2.054,,False
dj_indep_none_4_s0.qasm,dj,4,0,0.9248046875,0.0751953125,0.0,0.0268,0.0752,0.07817,0.0,False,1.0,0.089,1.893,,False
dj_indep_none_5_s0.qasm,dj,5,0,0.8935546875,0.1064453125,0.0,0.03839,0.10645,0.11255,0.0,False,1.0,0.085,0.928,,False
dj_indep_none_6_s0.qasm,dj,6,0,0.8720703125,0.1279296875,0.0,0.04652,0.12793,0.13689,0.0,False,1.0,0.094,0.94,,False
dj_indep_none_7_s0.qasm,dj,7,0,0.7207031250000001,0.2792968749999999,0.0,0.10818,0.2793,0.32753,0.0,False,1.0,0.077,0.965,,False
dj_indep_none_8_s0.qasm,dj,8,0,0.69921875,0.30078125,0.0,0.11762,0.30078,0.35779,0.0,False,2.0,0.079,0.913,,False
dj_indep_none_9_s0.qasm,dj,9,0,0.7021484375,0.2978515625,0.0,0.11632,0.29785,0.35361,0.0,False,3.0,0.072,0.973,,False
full_adder_indep_none_10_s0.qasm,full_adder,10,0,0.619140625,0.380859375,0.01553,0.1546,0.38086,0.47942,0.0,False,5.0,0.08,2.026,,False
full_adder_indep_none_12_s0.qasm,full_adder,12,0,0.4648437499999999,0.53515625,0.01723,0.2355,0.53516,0.76605,0.0,False,20.0,0.085,5.952,,False
full_adder_indep_none_4_s0.qasm,full_adder,4,0,0.9091796875,0.0908203125,0.00895,0.03256,0.09082,0.09521,0.0,False,1.0,0.08,0.884,,False
full_adder_indep_none_6_s0.qasm,full_adder,6,0,0.71875,0.28125,0.01389,0.10903,0.28125,0.33024,0.0,False,1.0,0.232,0.858,,False
full_adder_indep_none_8_s0.qasm,full_adder,8,0,0.640625,0.359375,0.01399,0.14439,0.35938,0.44531,0.0,False,2.0,0.081,0.961,,False
ghz_indep_none_10_s0.qasm,ghz,10,0,0.6226071915761784,0.3773928084238216,0.01366,0.153,0.37695,0.47454,0.0,False,5.0,0.078,1.205,,False
ghz_indep_none_11_s0.qasm,ghz,11,0,0.6171418714801061,0.3828581285198938,0.01574,0.15557,0.38281,0.48273,0.0,False,10.0,0.077,1.58,,False
ghz_indep_none_12_s0.qasm,ghz,12,0,0.5512461914278713,0.4487538085721286,0.01294,0.18851,0.44824,0.5965,0.0,False,20.0,0.071,2.421,,False
ghz_indep_none_3_s0.qasm,ghz,3,0,0.9136405665961584,0.0863594334038415,0.00965,0.03112,0.08496,0.09185,0.0,False,1.0,0.06,0.957,,False
ghz_indep_none_4_s0.qasm,ghz,4,0,0.8826491486712871,0.1173508513287129,0.01058,0.04253,0.11719,0.12501,0.0,False,1.0,0.084,1.083,,False
ghz_indep_none_5_s0.qasm,ghz,5,0,0.8338876880979844,0.1661123119020155,0.01121,0.06135,0.16602,0.18177,0.0,False,1.0,0.081,1.975,,False
ghz_indep_none_6_s0.qasm,ghz,6,0,0.6856305812918967,0.3143694187081033,0.01376,0.12382,0.31348,0.37872,0.0,False,1.0,0.083,2.006,,False
ghz_indep_none_7_s0.qasm,ghz,7,0,0.6688808282129161,0.3311191717870839,0.01625,0.13144,0.33008,0.40371,0.0,False,1.0,0.095,1.96,,False
ghz_indep_none_8_s0.qasm,ghz,8,0,0.6318265037955864,0.3681734962044136,0.01407,0.14855,0.36816,0.45916,0.0,False,2.0,0.085,1.084,,False
ghz_indep_none_9_s0.qasm,ghz,9,0,0.6122194326927147,0.3877805673072853,0.01514,0.15795,0.3877,0.4908,0.0,False,3.0,0.078,0.952,,False
graphstate_indep_none_10_s0.qasm,graphstate,10,0,0.3392397058281534,0.6607602941718466,0.01088,0.29949,0.54004,8.14772,0.10183,False,5.0,0.078,1.299,,True
graphstate_indep_none_10_s1.qasm,graphstate,10,1,0.3383380301515523,0.6616619698484477,0.0114,0.29996,0.54004,8.20594,0.10388,False,5.0,0.089,1.603,,True
graphstate_indep_none_10_s2.qasm,graphstate,10,2,0.3524768787560171,0.6475231212439829,0.00971,0.29188,0.52832,7.95606,0.45151,False,5.0,0.092,1.544,,True
graphstate_indep_none_11_s0.qasm,graphstate,11,0,0.1515151604756033,0.8484848395243967,0.0067,0.42662,0.66016,12.53957,0.92246,False,10.0,0.067,1.913,,True
graphstate_indep_none_11_s1.qasm,graphstate,11,1,0.1376908413071821,0.8623091586928179,0.00625,0.43961,0.67871,12.69488,0.53337,False,10.0,0.068,1.732,,True
graphstate_indep_none_11_s2.qasm,graphstate,11,2,0.1543557917499084,0.8456442082500916,0.00678,0.42471,0.66113,12.28444,0.37179,False,10.0,0.071,1.792,,True
graphstate_indep_none_12_s0.qasm,graphstate,12,0,0.0477939870477121,0.952206012952288,0.00279,0.54266,0.79688,16.27967,0.92207,True,20.0,0.084,3.003,,True
graphstate_indep_none_12_s1.qasm,graphstate,12,1,0.0538468537673443,0.9461531462326556,0.00342,0.53342,0.78516,15.92258,0.17394,True,20.0,0.069,2.594,,True
graphstate_indep_none_12_s2.qasm,graphstate,12,2,0.0547571108418822,0.9452428891581176,0.00309,0.53207,0.7832,15.88215,0.18371,True,20.0,0.084,2.865,,True
graphstate_indep_none_3_s0.qasm,graphstate,3,0,0.9998329665242378,0.0001670334757621,0.00092,8e-05,0.01074,0.00033,0.45874,False,1.0,0.099,1.116,,True
graphstate_indep_none_4_s0.qasm,graphstate,4,0,0.9993072603712824,0.0006927396287177,0.00138,0.00035,0.01953,0.00139,0.36361,False,1.0,0.089,1.096,,True
graphstate_indep_none_4_s2.qasm,graphstate,4,2,0.9993072603712824,0.0006927396287177,0.00156,0.00035,0.01953,0.00139,0.36361,False,1.0,0.076,0.991,,True
graphstate_indep_none_5_s0.qasm,graphstate,5,0,0.998346575677411,0.0016534243225889,0.00236,0.00083,0.03223,0.00328,0.47252,False,1.0,0.076,0.847,,True
graphstate_indep_none_5_s1.qasm,graphstate,5,1,0.998346575677411,0.0016534243225889,0.00231,0.00083,0.03223,0.00328,0.47252,False,1.0,0.074,0.936,,True
graphstate_indep_none_5_s2.qasm,graphstate,5,2,0.998346575677411,0.0016534243225889,0.00244,0.00083,0.03223,0.00328,0.47252,False,1.0,0.077,0.992,,True
graphstate_indep_none_6_s0.qasm,graphstate,6,0,0.9921236289464792,0.0078763710535207,0.00401,0.00394,0.07129,0.01577,0.41111,False,1.0,0.071,0.867,,True
graphstate_indep_none_6_s1.qasm,graphstate,6,1,0.9918209422586112,0.0081790577413887,0.00358,0.00409,0.07031,0.01629,0.46305,False,1.0,0.075,0.91,,True
graphstate_indep_none_6_s2.qasm,graphstate,6,2,0.9917590547753774,0.0082409452246225,0.00487,0.00412,0.07129,0.01641,0.50303,False,1.0,0.083,0.946,,True
graphstate_indep_none_7_s0.qasm,graphstate,7,0,0.9786699980957442,0.0213300019042558,0.00746,0.01063,0.10938,0.04373,0.64542,False,1.0,0.09,1.045,,True
graphstate_indep_none_7_s1.qasm,graphstate,7,1,0.9779055219602372,0.0220944780397627,0.00762,0.01101,0.1123,0.04526,0.60252,False,1.0,0.086,0.897,,True
graphstate_indep_none_7_s2.qasm,graphstate,7,2,0.977938903059385,0.0220610969406149,0.00696,0.01099,0.11035,0.04443,0.7155,False,1.0,0.221,0.915,,True
graphstate_indep_none_8_s0.qasm,graphstate,8,0,0.9413216389370108,0.0586783610629891,0.01168,0.02808,0.17188,0.18617,0.45225,False,2.0,0.079,1.022,,True
graphstate_indep_none_8_s1.qasm,graphstate,8,1,0.9414512810138244,0.0585487189861755,0.01187,0.02801,0.17188,0.18593,0.52098,False,2.0,0.079,0.955,,True
graphstate_indep_none_8_s2.qasm,graphstate,8,2,0.9488153740707728,0.0511846259292271,0.01099,0.02456,0.15723,0.15574,0.53357,False,2.0,0.087,0.987,,True
graphstate_indep_none_9_s0.qasm,graphstate,9,0,0.8100785053575551,0.1899214946424449,0.01397,0.08019,0.25586,1.36159,0.44977,False,3.0,0.08,1.057,,True
graphstate_indep_none_9_s1.qasm,graphstate,9,1,0.8107625872275032,0.1892374127724968,0.0145,0.08009,0.25684,1.32411,0.49279,False,3.0,0.157,2.578,,True
graphstate_indep_none_9_s2.qasm,graphstate,9,2,0.8076713412851956,0.1923286587148044,0.01552,0.08136,0.25977,1.32963,0.44977,False,3.0,0.117,2.325,,True
grover_indep_none_10_s0.qasm,grover,10,0,,,,,,,,False,,,,TIMEOUT[noisy_sim] depth=19 size=37 2q=0 multiq=18,False
grover_indep_none_10_s1.qasm,grover,10,1,,,,,,,,False,,,,TIMEOUT[noisy_sim] depth=19 size=37 2q=0 multiq=18,False
grover_indep_none_10_s2.qasm,grover,10,2,,,,,,,,False,,,,TIMEOUT[noisy_sim] depth=19 size=37 2q=0 multiq=18,False
grover_indep_none_11_s0.qasm,grover,11,0,,,,,,,,False,,,,TIMEOUT[noisy_sim] depth=27 size=47 2q=0 multiq=26,False
grover_indep_none_11_s1.qasm,grover,11,1,,,,,,,,False,,,,TIMEOUT[noisy_sim] depth=27 size=47 2q=0 multiq=26,False
grover_indep_none_11_s2.qasm,grover,11,2,,,,,,,,False,,,,TIMEOUT[noisy_sim] depth=27 size=47 2q=0 multiq=26,False
grover_indep_none_12_s0.qasm,grover,12,0,,,,,,,,False,,,,TIMEOUT[noisy_sim] depth=37 size=59 2q=0 multiq=36,False
grover_indep_none_12_s1.qasm,grover,12,1,,,,,,,,False,,,,TIMEOUT[noisy_sim] depth=37 size=59 2q=0 multiq=36,False
grover_indep_none_12_s2.qasm,grover,12,2,,,,,,,,False,,,,TIMEOUT[noisy_sim] depth=37 size=59 2q=0 multiq=36,False
grover_indep_none_3_s0.qasm,grover,3,0,0.9267578125,0.0732421875,0.00877,0.02608,0.07324,0.07606,0.0,False,1.0,0.063,0.792,,False
grover_indep_none_4_s0.qasm,grover,4,0,0.932171488131944,0.067828511868056,0.00901,0.02904,0.12891,0.0934,0.0,False,1.0,0.08,0.944,,False
grover_indep_none_5_s0.qasm,grover,5,0,0.828267244669721,0.1717327553302789,0.01071,0.07556,0.24707,0.23978,0.0,False,1.0,0.091,0.979,,False
grover_indep_none_6_s0.qasm,grover,6,0,0.4769740519266053,0.5230259480733946,0.01458,0.2303,0.5293,0.74963,0.0,False,1.0,0.108,1.228,,False
grover_indep_none_7_s0.qasm,grover,7,0,0.1698707233587212,0.8301292766412788,0.01134,0.4513,0.83105,1.78165,0.0,False,1.0,0.174,2.981,,False
grover_indep_none_7_s1.qasm,grover,7,1,0.1698707233587212,0.8301292766412788,0.01342,0.4513,0.83105,1.78165,0.0,False,1.0,0.165,3.223,,False
grover_indep_none_7_s2.qasm,grover,7,2,0.1698707233587212,0.8301292766412788,0.0114,0.4513,0.83105,1.78165,0.0,False,1.0,0.177,2.905,,False
grover_indep_none_8_s0.qasm,grover,8,0,0.0163753052951721,0.9836246947048278,0.00448,0.65075,0.98242,4.14702,0.0,False,2.0,0.254,3.411,,False
grover_indep_none_8_s1.qasm,grover,8,1,0.0163753052951721,0.9836246947048278,0.00421,0.65075,0.98242,4.14702,0.0,False,2.0,0.252,3.321,,False
grover_indep_none_8_s2.qasm,grover,8,2,0.0163753052951721,0.9836246947048278,0.00367,0.65075,0.98242,4.14702,0.0,False,2.0,0.275,3.46,,False
grover_indep_none_9_s0.qasm,grover,9,0,0.0,1.0,0.0,0.69315,1.0,27.63102,0.09104,True,3.0,0.543,19.951,,True
grover_indep_none_9_s1.qasm,grover,9,1,0.0,1.0,0.0,0.69315,1.0,27.63102,0.09104,True,3.0,0.567,19.927,,True
grover_indep_none_9_s2.qasm,grover,9,2,0.0,1.0,0.0,0.69315,1.0,27.63102,0.09104,True,3.0,0.575,19.611,,True
qaoa_indep_none_10_s0.qasm,qaoa,10,0,0.4435091506546108,0.5564908493453892,0.01357,0.24443,0.48438,5.51924,0.0,False,5.0,0.072,2.128,,False
qaoa_indep_none_11_s0.qasm,qaoa,11,0,0.2585105305984722,0.7414894694015278,0.01097,0.34994,0.59668,9.1687,0.0,False,10.0,0.062,3.598,,False
qaoa_indep_none_12_s0.qasm,qaoa,12,0,0.1345543608736833,0.8654456391263167,0.00624,0.44461,0.70117,12.65738,0.0,False,20.0,0.063,8.313,,False
qaoa_indep_none_3_s0.qasm,qaoa,3,0,0.9967195221974348,0.0032804778025652,0.00184,0.00164,0.03223,0.00619,0.0,False,1.0,0.057,0.869,,False
qaoa_indep_none_4_s0.qasm,qaoa,4,0,0.9966289593277664,0.0033710406722334,0.00224,0.00168,0.03223,0.00637,0.0,False,1.0,0.072,1.152,,False
qaoa_indep_none_5_s0.qasm,qaoa,5,0,0.9901530636007538,0.0098469363992461,0.00356,0.00489,0.06934,0.01832,0.0,False,1.0,0.074,0.877,,False
qaoa_indep_none_6_s0.qasm,qaoa,6,0,0.9777301956407304,0.0222698043592697,0.00503,0.01102,0.10156,0.04158,0.0,False,1.0,0.068,0.776,,False
qaoa_indep_none_7_s0.qasm,qaoa,7,0,0.9304731121084212,0.0695268878915789,0.00979,0.03048,0.15918,0.14482,0.0,False,1.0,0.067,0.865,,False
qaoa_indep_none_8_s0.qasm,qaoa,8,0,0.8248437925046261,0.1751562074953738,0.01247,0.07271,0.24414,0.74949,0.0,False,2.0,0.071,0.885,,False
qaoa_indep_none_9_s0.qasm,qaoa,9,0,0.7436585682872959,0.256341431712704,0.01238,0.10371,0.27734,1.63535,0.0,False,3.0,0.082,0.844,,False
qft_indep_none_10_s0.qasm,qft,10,0,0.3401105583484587,0.6598894416515413,0.01075,0.29818,0.53027,8.5524,0.22424,False,5.0,0.071,1.968,,True
qft_indep_none_11_s0.qasm,qft,11,0,0.1520111946466033,0.8479888053533966,0.00651,0.42708,0.66602,12.43262,0.55813,False,10.0,0.06,3.431,,True
qft_indep_none_12_s0.qasm,qft,12,0,0.0397227866735884,0.9602772133264116,0.00263,0.55627,0.82031,16.52292,0.46715,True,20.0,0.055,8.019,,True
qft_indep_none_3_s0.qasm,qft,3,0,0.9998971078254836,0.0001028921745165,0.00098,5e-05,0.00977,0.00021,0.06695,False,1.0,0.054,0.838,,True
qft_indep_none_4_s0.qasm,qft,4,0,0.9992834814897196,0.0007165185102804,0.00172,0.00036,0.02148,0.00144,0.63605,False,1.0,0.066,0.841,,True
qft_indep_none_5_s0.qasm,qft,5,0,0.9985853313442512,0.0014146686557486,0.00241,0.00071,0.02832,0.00283,0.07698,False,1.0,0.068,0.866,,True
qft_indep_none_6_s0.qasm,qft,6,0,0.9894634946118924,0.0105365053881076,0.00436,0.00527,0.08594,0.02127,0.57495,False,1.0,0.067,0.715,,True
qft_indep_none_7_s0.qasm,qft,7,0,0.9796620968817822,0.0203379031182178,0.00609,0.01016,0.1123,0.04094,0.31809,False,1.0,0.061,0.874,,True
qft_indep_none_8_s0.qasm,qft,8,0,0.947805173161952,0.0521948268380478,0.01,0.0248,0.15918,0.2114,0.27144,False,2.0,0.064,0.822,,True
qft_indep_none_9_s0.qasm,qft,9,0,0.8033082195574219,0.196691780442578,0.01352,0.08236,0.26172,1.44483,0.8662,False,3.0,0.064,0.892,,True
qftentangled_indep_none_10_s0.qasm,qftentangled,10,0,0.4314795311838809,0.5685204688161191,0.0122,0.24971,0.48828,5.99949,0.0,False,5.0,0.064,2.005,,False
qftentangled_indep_none_11_s0.qasm,qftentangled,11,0,0.1971044106869251,0.8028955893130749,0.00729,0.3921,0.63867,11.26277,0.0,False,10.0,0.056,3.923,,False
qftentangled_indep_none_12_s0.qasm,qftentangled,12,0,0.0628943336539258,0.9371056663460742,0.00354,0.52109,0.77539,15.50828,0.0,False,20.0,0.057,8.58,,False
qftentangled_indep_none_3_s0.qasm,qftentangled,3,0,0.9704301412014052,0.0295698587985947,0.00477,0.01129,0.0625,0.03541,0.0,False,1.0,0.067,0.872,,False
qftentangled_indep_none_4_s0.qasm,qftentangled,4,0,0.9707956622146188,0.0292043377853811,0.00515,0.01268,0.08008,0.04232,0.0,False,1.0,0.074,0.838,,False
qftentangled_indep_none_5_s0.qasm,qftentangled,5,0,0.9396539768092472,0.0603460231907527,0.00778,0.02438,0.11816,0.07857,0.0,False,1.0,0.078,0.916,,False
qftentangled_indep_none_6_s0.qasm,qftentangled,6,0,0.9380435331281902,0.0619564668718097,0.00769,0.02624,0.13965,0.08771,0.0,False,1.0,0.071,0.846,,False
qftentangled_indep_none_7_s0.qasm,qftentangled,7,0,0.8970359731075515,0.1029640268924485,0.01187,0.04154,0.16504,0.13955,0.0,False,1.0,0.068,0.903,,False
qftentangled_indep_none_8_s0.qasm,qftentangled,8,0,0.8528547034781486,0.1471452965218513,0.01397,0.06238,0.22656,0.34045,0.0,False,2.0,0.066,0.865,,False
qftentangled_indep_none_9_s0.qasm,qftentangled,9,0,0.707723856256383,0.292276143743617,0.01547,0.1233,0.33008,1.63669,0.0,False,3.0,0.063,0.79,,False
qnn_indep_none_10_s0.qasm,qnn,10,0,0.6173416592652141,0.3826583407347859,0.01375,0.16182,0.38379,2.38676,0.0,False,5.0,0.059,1.129,,False
qnn_indep_none_11_s0.qasm,qnn,11,0,0.572869472782373,0.427130527217627,0.01292,0.17833,0.38477,3.74433,0.0,False,10.0,0.064,1.535,,False
qnn_indep_none_12_s0.qasm,qnn,12,0,0.4516036690329612,0.5483963309670388,0.013,0.23827,0.47168,5.15715,0.0,False,20.0,0.054,2.601,,False
qnn_indep_none_3_s0.qasm,qnn,3,0,0.9982211313131238,0.0017788686868761,0.00147,0.00089,0.03516,0.00349,0.0,False,1.0,0.064,0.823,,False
qnn_indep_none_4_s0.qasm,qnn,4,0,0.9821659127335236,0.0178340872664765,0.00427,0.00765,0.06055,0.02557,0.0,False,1.0,0.071,0.859,,False
qnn_indep_none_5_s0.qasm,qnn,5,0,0.9786970732357692,0.0213029267642308,0.00402,0.00967,0.08105,0.05169,0.0,False,1.0,0.068,0.858,,False
qnn_indep_none_6_s0.qasm,qnn,6,0,0.9201042893469392,0.0798957106530607,0.00864,0.03642,0.18262,0.14076,0.0,False,1.0,0.067,0.824,,False
qnn_indep_none_7_s0.qasm,qnn,7,0,0.8956773133567328,0.1043226866432671,0.01008,0.04292,0.18359,0.38253,0.0,False,1.0,0.057,0.86,,False
qnn_indep_none_8_s0.qasm,qnn,8,0,0.8658542616433935,0.1341457383566064,0.01135,0.05369,0.19531,0.58813,0.0,False,2.0,0.063,0.683,,False
qnn_indep_none_9_s0.qasm,qnn,9,0,0.7934314566477343,0.2065685433522657,0.01183,0.08069,0.21875,1.65823,0.0,False,3.0,0.064,0.803,,False
qpeexact_indep_none_10_s0.qasm,qpeexact,10,0,0.611328125,0.388671875,0.0,0.15837,0.38867,0.49212,0.0,False,5.0,0.073,1.758,,False
qpeexact_indep_none_11_s0.qasm,qpeexact,11,0,0.5849609374999999,0.4150390625000001,0.0,0.17133,0.41504,0.53621,0.0,False,10.0,0.062,3.315,,False
qpeexact_indep_none_12_s0.qasm,qpeexact,12,0,0.5595703125000001,0.4404296874999999,0.0,0.18416,0.44043,0.58059,0.0,False,20.0,0.077,7.601,,False
qpeexact_indep_none_3_s0.qasm,qpeexact,3,0,0.939453125,0.0605468749999998,0.0,0.02146,0.06055,0.06246,0.0,False,1.0,0.072,0.941,,False
qpeexact_indep_none_4_s0.qasm,qpeexact,4,0,0.935546875,0.0644531250000001,0.0,0.02287,0.06445,0.06662,0.0,False,1.0,0.075,0.873,,False
qpeexact_indep_none_5_s0.qasm,qpeexact,5,0,0.9013671875,0.0986328124999998,0.0,0.03546,0.09863,0.10384,0.0,False,1.0,0.071,0.779,,False
qpeexact_indep_none_6_s0.qasm,qpeexact,6,0,0.8828125,0.1171875,0.0,0.04244,0.11719,0.12464,0.0,False,1.0,0.198,0.777,,False
qpeexact_indep_none_7_s0.qasm,qpeexact,7,0,0.7119140625,0.2880859375,0.0,0.11202,0.28809,0.3398,0.0,False,1.0,0.074,0.865,,False
qpeexact_indep_none_8_s0.qasm,qpeexact,8,0,0.681640625,0.318359375,0.0,0.12549,0.31836,0.38325,0.0,False,2.0,0.062,0.852,,False
qpeexact_indep_none_9_s0.qasm,qpeexact,9,0,0.669921875,0.330078125,0.0,0.13082,0.33008,0.40059,0.0,False,3.0,0.063,0.883,,False
qpeinexact_indep_none_10_s0.qasm,qpeinexact,10,0,0.6620587091842648,0.3379412908157352,0.0,0.14429,0.38867,0.72195,0.0,False,5.0,0.063,2.187,,False
qpeinexact_indep_none_11_s0.qasm,qpeinexact,11,0,0.6581944744554723,0.3418055255445277,0.0,0.14305,0.375,0.63651,0.0,False,10.0,0.066,3.418,,False
qpeinexact_indep_none_12_s0.qasm,qpeinexact,12,0,0.5921734759905524,0.4078265240094476,0.0,0.17111,0.42969,0.71675,0.0,False,20.0,0.068,8.051,,False
qpeinexact_indep_none_3_s0.qasm,qpeinexact,3,0,0.995223234722832,0.0047767652771679,0.0,0.00239,0.04785,0.00912,0.0,False,1.0,0.058,0.875,,False
qpeinexact_indep_none_4_s0.qasm,qpeinexact,4,0,0.992518767881954,0.0074812321180458,0.0,0.00371,0.04883,0.01357,0.0,False,1.0,0.069,0.862,,False
qpeinexact_indep_none_5_s0.qasm,qpeinexact,5,0,0.9818241698186492,0.0181758301813508,0.0,0.00873,0.0625,0.03004,0.0,False,1.0,0.069,0.727,,False
qpeinexact_indep_none_6_s0.qasm,qpeinexact,6,0,0.940699050167636,0.0593009498323638,0.0,0.02695,0.12891,0.08829,0.0,False,1.0,0.068,0.824,,False
qpeinexact_indep_none_7_s0.qasm,qpeinexact,7,0,0.9109590726178868,0.0890409273821132,0.0,0.03635,0.13379,0.34251,0.0,False,1.0,0.061,0.88,,False
qpeinexact_indep_none_8_s0.qasm,qpeinexact,8,0,0.8189586798234156,0.1810413201765843,0.0,0.07806,0.2832,0.55583,0.0,False,2.0,0.062,0.845,,False
qpeinexact_indep_none_9_s0.qasm,qpeinexact,9,0,0.74747226267089,0.25252773732911,0.0,0.10993,0.33203,0.54126,0.0,False,3.0,0.062,0.883,,False
qwalk_indep_none_10_s0.qasm,qwalk,10,0,0.007107226590543,0.9928927734094568,0.00282,0.66839,0.99023,5.2855,0.00016,False,5.0,0.3,46.862,,False
qwalk_indep_none_11_s0.qasm,qwalk,11,0,0.0037090701556353,0.9962909298443646,0.00141,0.67701,0.99414,10.27961,0.03528,False,10.0,0.379,123.665,,False
qwalk_indep_none_12_s0.qasm,qwalk,12,0,,,,,,,,False,,,,TIMEOUT[noisy_sim] depth=7257 size=9794 2q=4086 multiq=631,False
qwalk_indep_none_3_s0.qasm,qwalk,3,0,0.8670325716940139,0.132967428305986,0.01007,0.04848,0.13281,0.14286,0.0,False,1.0,0.053,0.876,,False
qwalk_indep_none_4_s0.qasm,qwalk,4,0,0.7044240426676306,0.2955759573323694,0.0141,0.11628,0.29492,0.35897,0.0,False,1.0,0.075,0.948,,False
qwalk_indep_none_5_s0.qasm,qwalk,5,0,0.2929820696192676,0.7070179303807325,0.01269,0.34738,0.70312,1.23991,0.0,False,1.0,0.082,0.923,,False
qwalk_indep_none_6_s0.qasm,qwalk,6,0,0.2197349551660566,0.7802650448339434,0.01265,0.40548,0.77051,1.55446,0.0,False,1.0,0.156,1.378,,False
qwalk_indep_none_7_s0.qasm,qwalk,7,0,0.1164470222652465,0.8835529777347534,0.01029,0.50548,0.87793,2.19151,0.0,False,1.0,0.182,3.288,,False
qwalk_indep_none_8_s0.qasm,qwalk,8,0,0.0852903683619411,0.9147096316380589,0.00865,0.54294,0.91211,2.48981,0.0,False,2.0,0.182,2.426,,False
qwalk_indep_none_9_s0.qasm,qwalk,9,0,0.0180217231746365,0.9819782768253634,0.00401,0.64543,0.97949,4.14444,2e-05,False,3.0,0.22,7.431,,False
randomcircuit_indep_none_10_s0.qasm,randomcircuit,10,0,0.5902710158412137,0.4097289841587863,0.01584,0.17193,0.41113,0.87019,0.0,False,5.0,0.111,4.467,,False
randomcircuit_indep_none_11_s0.qasm,randomcircuit,11,0,0.2761480736233408,0.7238519263766592,0.01216,0.34089,0.59961,7.73101,0.0,False,10.0,0.125,10.139,,False
randomcircuit_indep_none_12_s0.qasm,randomcircuit,12,0,0.1745444488605554,0.8254555511394446,0.00804,0.41189,0.6748,10.76147,0.0,False,20.0,0.104,21.912,,False
randomcircuit_indep_none_3_s0.qasm,randomcircuit,3,0,0.9208254704296178,0.0791745295703821,0.00896,0.02827,0.0791,0.08256,0.0,False,1.0,0.069,0.902,,False
randomcircuit_indep_none_4_s0.qasm,randomcircuit,4,0,0.8619302163858532,0.1380697836141468,0.00965,0.05309,0.19141,0.16467,0.0,False,1.0,0.081,0.808,,False
randomcircuit_indep_none_5_s0.qasm,randomcircuit,5,0,0.8668635684653733,0.1331364315346267,0.0135,0.04901,0.14941,0.14628,0.0,False,1.0,0.089,0.801,,False
randomcircuit_indep_none_6_s0.qasm,randomcircuit,6,0,0.6973339355978755,0.3026660644021245,0.01357,0.11916,0.29785,0.36734,0.0,False,1.0,0.078,0.826,,False
randomcircuit_indep_none_7_s0.qasm,randomcircuit,7,0,0.7326894566518767,0.2673105433481233,0.01279,0.10635,0.29883,0.36886,0.0,False,1.0,0.088,1.021,,False
randomcircuit_indep_none_8_s0.qasm,randomcircuit,8,0,0.5577128001932199,0.4422871998067801,0.01691,0.18676,0.44141,0.60392,0.0,False,2.0,0.082,0.922,,False
randomcircuit_indep_none_9_s0.qasm,randomcircuit,9,0,0.5131092571674938,0.4868907428325062,0.01747,0.21042,0.47949,0.71489,0.0,False,3.0,0.101,1.28,,False
vqe_real_amp_indep_none_10_s0.qasm,vqe_real_amp,10,0,0.5301492259121354,0.4698507740878646,0.01617,0.20164,0.43457,3.64008,0.0,False,5.0,0.058,1.368,,False
vqe_real_amp_indep_none_11_s0.qasm,vqe_real_amp,11,0,0.5746016544309814,0.4253983455690185,0.0139,0.1791,0.39355,2.7613,0.0,False,10.0,0.056,2.129,,False
vqe_real_amp_indep_none_12_s0.qasm,vqe_real_amp,12,0,0.323067565252372,0.676932434747628,0.01068,0.31171,0.56836,6.59041,0.0,False,20.0,0.063,3.76,,False
vqe_real_amp_indep_none_3_s0.qasm,vqe_real_amp,3,0,0.9928278594437407,0.0071721405562592,0.00279,0.00343,0.0332,0.01157,0.0,False,1.0,0.048,0.815,,False
vqe_real_amp_indep_none_4_s0.qasm,vqe_real_amp,4,0,0.9746668756688291,0.0253331243311708,0.00509,0.00915,0.04297,0.02742,0.0,False,1.0,0.061,0.697,,False
vqe_real_amp_indep_none_5_s0.qasm,vqe_real_amp,5,0,0.9734805445934565,0.0265194554065435,0.00487,0.01112,0.07031,0.03655,0.0,False,1.0,0.185,0.697,,False
vqe_real_amp_indep_none_6_s0.qasm,vqe_real_amp,6,0,0.9170090676739512,0.0829909323260488,0.00762,0.0358,0.17285,0.12152,0.0,False,1.0,0.064,0.784,,False
vqe_real_amp_indep_none_7_s0.qasm,vqe_real_amp,7,0,0.8882392486273251,0.1117607513726749,0.00958,0.04663,0.18555,0.30976,0.0,False,1.0,0.069,0.821,,False
vqe_real_amp_indep_none_8_s0.qasm,vqe_real_amp,8,0,0.7793104417149306,0.2206895582850694,0.01491,0.09248,0.29785,0.7011,0.0,False,2.0,0.063,0.795,,False
vqe_real_amp_indep_none_9_s0.qasm,vqe_real_amp,9,0,0.7107737518867817,0.2892262481132183,0.01455,0.11915,0.31934,1.58411,0.0,False,3.0,0.058,0.821,,False
vqe_su2_indep_none_10_s0.qasm,vqe_su2,10,0,0.4929017688559859,0.5070982311440141,0.013,0.21776,0.44336,4.4475,0.0,False,5.0,0.057,1.355,,False
vqe_su2_indep_none_11_s0.qasm,vqe_su2,11,0,0.3142160610571068,0.6857839389428931,0.01144,0.31435,0.55957,7.96619,0.0,False,10.0,0.054,2.118,,False
vqe_su2_indep_none_12_s0.qasm,vqe_su2,12,0,0.1421770475649823,0.8578229524350176,0.00625,0.43781,0.69336,12.23927,0.0,False,20.0,0.046,3.624,,False
vqe_su2_indep_none_3_s0.qasm,vqe_su2,3,0,0.9869793217350732,0.0130206782649267,0.00307,0.00616,0.03613,0.02034,0.0,False,1.0,0.048,0.822,,False
vqe_su2_indep_none_4_s0.qasm,vqe_su2,4,0,0.9829371856091405,0.0170628143908595,0.00416,0.00658,0.0498,0.02065,0.0,False,1.0,0.063,0.692,,False
vqe_su2_indep_none_5_s0.qasm,vqe_su2,5,0,0.9876746183146088,0.0123253816853913,0.00429,0.00565,0.06445,0.01989,0.0,False,1.0,0.07,0.777,,False
vqe_su2_indep_none_6_s0.qasm,vqe_su2,6,0,0.9407776295845778,0.0592223704154222,0.00775,0.02492,0.13574,0.08491,0.0,False,1.0,0.061,0.801,,False
vqe_su2_indep_none_7_s0.qasm,vqe_su2,7,0,0.9134271120254632,0.0865728879745368,0.0092,0.03626,0.16992,0.19951,0.0,False,1.0,0.066,0.853,,False
vqe_su2_indep_none_8_s0.qasm,vqe_su2,8,0,0.8197610252840386,0.1802389747159614,0.0151,0.07505,0.25,0.76248,0.0,False,2.0,0.062,0.81,,False
vqe_su2_indep_none_9_s0.qasm,vqe_su2,9,0,0.6676791480842476,0.3323208519157524,0.01292,0.13993,0.36621,2.24143,0.0,False,3.0,0.059,0.842,,False
wstate_indep_none_10_s0.qasm,wstate,10,0,0.618153075810176,0.381846924189824,0.01724,0.15562,0.37793,0.48719,0.0,False,5.0,0.067,0.953,,False
wstate_indep_none_11_s0.qasm,wstate,11,0,0.6125485385015622,0.3874514614984378,0.01668,0.15814,0.38477,0.49469,0.0,False,10.0,0.058,1.497,,False
wstate_indep_none_12_s0.qasm,wstate,12,0,0.523450643060363,0.4765493569396369,0.01759,0.2046,0.46387,0.67146,0.0,False,20.0,0.073,2.614,,False
wstate_indep_none_3_s0.qasm,wstate,3,0,0.9355299103506896,0.0644700896493104,0.0082,0.02288,0.06445,0.06666,0.0,False,1.0,0.052,0.748,,False
wstate_indep_none_4_s0.qasm,wstate,4,0,0.900333702003997,0.099666297996003,0.00908,0.03586,0.09961,0.10505,0.0,False,1.0,0.059,0.76,,False
wstate_indep_none_5_s0.qasm,wstate,5,0,0.8759033748460798,0.1240966251539201,0.00996,0.04507,0.12402,0.13258,0.0,False,1.0,0.058,0.75,,False
wstate_indep_none_6_s0.qasm,wstate,6,0,0.7408953708089371,0.2591046291910629,0.01391,0.09952,0.25879,0.30032,0.0,False,1.0,0.059,0.789,,False
wstate_indep_none_7_s0.qasm,wstate,7,0,0.7302929419937321,0.2697070580062679,0.01318,0.10405,0.26953,0.31455,0.0,False,1.0,0.058,0.798,,False
wstate_indep_none_8_s0.qasm,wstate,8,0,0.6571259124109791,0.3428740875890209,0.0162,0.13684,0.3418,0.42159,0.0,False,2.0,0.058,0.803,,False
wstate_indep_none_9_s0.qasm,wstate,9,0,0.6420826920827579,0.3579173079172421,0.01436,0.14391,0.35645,0.44527,0.0,False,3.0,0.059,0.671,,False
